cod_id,path,formula,n_sites,n_species,volume,density,a,b,c,alpha,beta,gamma,mp_id,mp_e_form_per_atom,mp_e_above_hull,oqmd_best_id,oqmd_delta_e,oqmd_stability
1000061,data/raw/cif/1/00/00/1000061.cif,Al(HO)3,28,3,206.8635363358202,2.504606831429512,5.062,8.671,4.713,90.0,90.27,90.0,mp-27540,-2.043254557678572,0.021218486428571003,,,
1000000,data/raw/cif/1/00/00/1000000.cif,AlP2H17C5(NO4)2,140,6,1319.8989729698894,1.6210423854008031,7.8783,10.4689,16.068,90.0,95.147,90.0,,,,,,
1000062,data/raw/cif/1/00/00/1000062.cif,SnO2,6,2,71.53260410600002,6.9970289368805245,4.738,4.738,3.1865,90.0,90.0,90.0,mp-856,-2.107482005,0.0,,,
1000001,data/raw/cif/1/00/00/1000001.cif,H142C107(N7O13)2,1156,4,11309.065344,1.1983596342667242,48.48,21.72,10.74,90.0,90.0,90.0,,,,,,
1000063,data/raw/cif/1/00/00/1000063.cif,Cu2O,6,2,76.87405100799998,6.18177023354037,4.252,4.252,4.252,90.0,90.0,90.0,mp-361,-0.6445054383333331,0.0,,,
1000002,data/raw/cif/1/00/00/1000002.cif,SrH3C3O7,56,4,613.212654326477,2.6179061567536053,6.341,16.88,5.7798,90.0,97.6,90.0,mp-736390,-1.7966447479464271,0.052465068214282005,,,
1000064,data/raw/cif/1/00/00/1000064.cif,Fe2SiO4,28,3,307.42433453718,4.402685873964464,4.8195,10.4788,6.0873,90.0,90.0,90.0,mp-20313,-2.301357292142856,0.0,,,
1000003,data/raw/cif/1/00/00/1000003.cif,Sr(CO2)3,40,3,524.8133186841975,2.7799211848825127,7.966100000000001,9.205,7.3198,90.0,102.104,90.0,mp-1202303,-1.927545334,0.217861312999993,,,
1000066,data/raw/cif/1/00/00/1000066.cif,Ba2Y1Cu2.5Pd0.5O7,13,6,174.068331613,6.559708757653066,3.841,3.883,11.671,90.0,90.0,90.0,,,,,,
1000004,data/raw/cif/1/00/00/1000004.cif,CuP2H30C29I,126,5,1364.942059141231,1.5351733015601814,9.898999999999996,11.729,12.259,103.442,96.291,95.56000000000002,,,,,,
1000065,data/raw/cif/1/00/00/1000065.cif,C,12,1,175.3060757069769,1.3652170249990043,2.46,2.46,33.45,90.0,90.0,120.0,mp-3347313,0.0,0.0,,,
1000005,data/raw/cif/1/00/00/1000005.cif,Sr5V3H3(O3F8)2,132,5,1753.518519015851,3.764868399684728,11.217,8.1775,19.887,90.0,105.999,90.0,,,,,,
1000067,data/raw/cif/1/00/00/1000067.cif,LiSbWO6,36,4,406.51149174444,6.67525841302887,4.6664,17.4435,4.9941,90.0,90.0,90.0,mp-17290,-2.111403034259259,0.039087289305554,,,
1000006,data/raw/cif/1/00/00/1000006.cif,H25C22N2ClO8,232,5,2183.294034761,1.4630109423721895,10.93,12.7162,15.7085,90.0,90.0,90.0,,,,,,
1000068,data/raw/cif/1/00/00/1000068.cif,LiNbWO6,18,4,203.32508421407695,6.20169176825626,4.6819,4.6819,9.2757,90.0,90.0,90.0,mp-1222358,-2.5708851625925933,0.013673802361116,,,
1000007,data/raw/cif/1/00/00/1000007.cif,CaMg(SiO3)2,40,4,438.6312279050659,3.2792047324827545,9.7397,8.9174,5.2503,90.0,105.866,90.0,mp-6766,-3.343864678,0.0,,,
1000079,data/raw/cif/1/00/00/1000079.cif,KVPO6,72,4,1050.2653064904,2.7448570795888765,6.755,9.1026,17.0808,90.0,90.0,90.0,mp-1211800,-2.332272637849207,0.07633504923611101,,,
1000008,data/raw/cif/1/00/00/1000008.cif,CaMg(SiO3)2,40,4,438.38549435015307,3.2810428650090016,9.737699999999998,8.9151,5.2494,90.0,105.851,90.0,mp-6766,-3.343864678,0.0,,,
1000080,data/raw/cif/1/00/00/1000080.cif,VPNO6,72,4,1117.20116466816,2.282045155144755,6.8064,9.2567,17.732,90.0,90.0,90.0,mp-1196520,-1.686290357876983,0.37381594847222005,,,
1000009,data/raw/cif/1/00/00/1000009.cif,CaMg(SiO3)2,40,4,430.513323839108,3.341038520095978,9.6808,8.8488,5.218,90.0,105.606,90.0,mp-6766,-3.343864678,0.0,,,
1000081,data/raw/cif/1/00/00/1000081.cif,RbVPO6,72,4,1116.8867579022,3.132649812581461,6.8182,9.291,17.631,90.0,90.0,90.0,mp-1199688,-2.341563410099207,0.062945144965281,,,
1000010,data/raw/cif/1/00/00/1000010.cif,CaMg(SiO3)2,40,4,424.1291509906456,3.3913292566695987,9.634099999999998,8.7948,5.1926,90.0,105.421,90.0,mp-6766,-3.343864678,0.0,,,
1000082,data/raw/cif/1/00/00/1000082.cif,Rb2NaAl6F21,60,4,790.350688070427,3.1716134899254294,12.075,6.972,10.214,90.0,113.2,90.0,mp-560570,-3.7379751730459763,0.0,,,
1000011,data/raw/cif/1/00/00/1000011.cif,CaMg(SiO3)2,40,4,421.2562586940686,3.414457515290244,9.6135,8.7695,5.1813,90.0,105.337,90.0,mp-6766,-3.343864678,0.0,,,
1000012,data/raw/cif/1/00/00/1000012.cif,CaMg(SiO3)2,40,4,415.4933089960895,3.461816513571224,9.5731,8.7197,5.158,90.0,105.203,90.0,mp-6766,-3.343864678,0.0,,,
1000084,data/raw/cif/1/00/00/1000084.cif,VPH5O7,56,4,532.361741523699,2.482263373373517,7.61,7.42,9.47,90.0,95.4,90.0,mp-1195952,-1.891973512206631,0.008372326607188,,,
1000013,data/raw/cif/1/00/00/1000013.cif,CaMg(SiO3)2,40,4,412.82561781699735,3.484186872818124,9.5557,8.6951,5.1474,90.0,105.148,90.0,mp-6766,-3.343864678,0.0,,,
1000085,data/raw/cif/1/00/00/1000085.cif,Rb2Cr5F17,192,3,2784.7029574400003,3.5963966901785307,7.418,25.67,14.624,90.0,90.0,90.0,mp-559386,-3.053145324583333,0.007519437604179001,,,
1000014,data/raw/cif/1/00/00/1000014.cif,CaMg(SiO3)2,40,4,410.5357211493072,3.503621059659016,9.5391,8.6752,5.1385,90.0,105.106,90.0,mp-6766,-3.343864678,0.0,,,
1000086,data/raw/cif/1/00/00/1000086.cif,Al16H38.112O30.08F25.92,216,4,958.993636299544,2.500036578692941,9.8614,9.8614,9.8614,90.0,90.0,90.0,,,,,,
1000015,data/raw/cif/1/00/00/1000015.cif,CaMg(SiO3)2,40,4,408.6809519316795,3.519521992797622,9.527,8.6587,5.1306,90.0,105.067,90.0,mp-6766,-3.343864678,0.0,,,
1000087,data/raw/cif/1/00/00/1000087.cif,Al2H3(OF)3,112,4,926.574216749,2.3223148063046994,9.749,9.749,9.749,90.0,90.0,90.0,,,,,,
1000016,data/raw/cif/1/00/00/1000016.cif,CaMg(SiO3)2,40,4,407.1639432754514,3.532635003949612,9.5164,8.6449,5.1246,90.0,105.033,90.0,mp-6766,-3.343864678,0.0,,,
1000088,data/raw/cif/1/00/00/1000088.cif,Li2TbF6,36,3,400.4167828134531,4.757431966657322,7.585,4.965,11.116,90.0,106.96,90.0,mp-1196923,-3.403096589814816,0.015431405555554,,,
1000017,data/raw/cif/1/00/00/1000017.cif,Al2O3,30,2,255.03329306417825,3.983260748587257,4.7606,4.7606,12.994,90.0,90.0,120.0,mp-1143,-3.426551008,0.0,,,
1000089,data/raw/cif/1/00/00/1000089.cif,Li2TbF6,36,3,394.69492774275545,4.826400008323311,7.56,4.934,11.066,90.0,107.02,90.0,mp-1196923,-3.403096589814816,0.015431405555554,,,
1000018,data/raw/cif/1/00/00/1000018.cif,H22C13O3,152,3,1210.766292669533,1.2415274089801989,9.812,11.140999999999998,11.443,82.47,77.55999999999999,89.46000000000001,,,,,,
1000090,data/raw/cif/1/00/00/1000090.cif,K2FeF5,128,3,1948.1662394758985,3.123505661950782,7.4059,12.8771,20.4282,90.0,90.0,90.0,mp-1205367,-2.90476089446875,0.0,,,
1000019,data/raw/cif/1/00/00/1000019.cif,H17C17NO2,148,4,1402.8261287474422,1.265728508729811,12.1194,10.2869,12.5048,90.0,115.864,90.0,,,,,,
1000091,data/raw/cif/1/00/00/1000091.cif,Ca20.284Lu9.716F70,100,3,1240.261983410628,5.144990176537516,8.6633,8.6633,16.5252,90.0,90.0,90.0,,,,,,
1000020,data/raw/cif/1/00/00/1000020.cif,As2H30Pt(C6Cl)2,188,5,1866.3258969905971,2.100490226169127,8.0566,17.754,13.083,90.0,94.2,90.0,,,,,,
1000092,data/raw/cif/1/00/00/1000092.cif,K5Cr10F31,368,4,5093.545522125427,3.4019715852217494,21.576,7.6081,32.865,90.0,109.24,90.0,mp-1182535,-3.007877560353261,0.015891008532610003,,,
1000021,data/raw/cif/1/00/00/1000021.cif,H15C13SNO4,136,5,1346.348868881279,1.3879175471057936,19.967,7.5484,9.1666,90.0,102.967,90.0,,,,,,
1000093,data/raw/cif/1/00/00/1000093.cif,Sm2O1.4F3.2,10,3,89.065786390021,7.157678670675972,3.9041,4.0397,5.6473,90.0,90.0,90.0,,,,,,
1000022,data/raw/cif/1/00/00/1000022.cif,CaTiO3,20,3,223.57214080000003,4.038767870562972,5.38,5.44,7.639,90.0,90.0,90.0,mp-4019,-3.556087157166666,0.0,,,
1000094,data/raw/cif/1/00/00/1000094.cif,V2NiO6,29,3,293.8912514750195,4.349049074620832,7.13,4.791,8.825,90.16,102.13,94.18999999999998,mp-28162,-2.115222795000001,0.0,,,
1000023,data/raw/cif/1/00/00/1000023.cif,Fe4Cu2.9376P6O24,37,4,406.3447535603598,4.004310393424717,7.9296,9.3275,6.2555,107.16,101.011,105.83,,,,,,
1000095,data/raw/cif/1/00/00/1000095.cif,Na10.28V16P16H4O72,128,5,1398.396288058,3.209664747592233,13.723,6.314,16.139,90.0,90.0,90.0,,,,,,
1000024,data/raw/cif/1/00/00/1000024.cif,Gd3GaO6,40,3,556.0465671875232,7.61477837581185,8.9928,11.2809,5.48116,90.0,90.0,90.0,mp-3594,-3.514320220749981,0.0,,,
1000096,data/raw/cif/1/00/00/1000096.cif,Cr2Ni2H64N13Cl11O12,832,6,8539.701184000001,1.6332965826125072,20.44,20.44,20.44,90.0,90.0,90.0,mp-1202441,-0.9133472481250001,0.030050966041669003,,,
1000025,data/raw/cif/1/00/00/1000025.cif,LaNi5,6,2,86.75975474666424,8.27539659208229,5.0125,5.0125,3.9873,90.0,90.0,120.0,mp-2317,-0.28170988749999804,0.0,,,
1000097,data/raw/cif/1/00/00/1000097.cif,CdNF3,20,3,338.25016438653,3.601645577171765,6.1791,8.8786,6.1655,90.0,90.0,90.0,mp-726169,-0.7946119219999991,0.7851368685000001,,,
1000026,data/raw/cif/1/00/00/1000026.cif,MgB2,3,2,29.03712483070449,2.6264162951025387,3.085,3.085,3.523,90.0,90.0,120.0,mp-763,-0.17590466000000002,0.0,,,
1000098,data/raw/cif/1/00/00/1000098.cif,NaSrAlF6,72,4,915.899031972,3.6489724064298823,18.303,5.3122,9.42,90.0,90.0,90.0,mp-14722,-3.825200985153257,0.0,,,
1000027,data/raw/cif/1/00/00/1000027.cif,MgSO4,24,3,266.10532815600004,3.0044509640928543,5.182,7.893,6.506,90.0,90.0,90.0,mp-7572,-2.402174846249999,0.0,,,
1000099,data/raw/cif/1/00/00/1000099.cif,CoPH4ClO3,80,5,920.003790096,2.561405861862714,7.416,13.082,9.483,90.0,90.0,90.0,mp-728709,-1.263909218964286,0.12144478471153401,,,
1000028,data/raw/cif/1/00/00/1000028.cif,Na4Al3Si3ClO12,46,5,699.044921875,2.302304641933506,8.875,8.875,8.875,90.0,90.0,90.0,mp-23145,-3.081129688500749,0.0,,,
1000029,data/raw/cif/1/00/00/1000029.cif,Y0.544Al2.76Si9.24N15.04O0.96,30,5,302.9872958290158,3.334173650205996,7.82927,7.82927,5.70757,90.0,90.0,120.0,,,,,,
1000030,data/raw/cif/1/00/00/1000030.cif,Ba2Y1Cu3O6.91,13,4,173.42621168028157,6.364951906671833,3.8203,3.88548,11.68349,90.0,90.0,90.0,,,,,,
1000031,data/raw/cif/1/00/00/1000031.cif,Ba2Y(CuO2)4,30,4,404.777693118344,6.118562602619693,3.8402,3.8708,27.2309,90.0,90.0,90.0,mp-6790,-2.050150574666667,0.0,,,
1000032,data/raw/cif/1/00/00/1000032.cif,Al2O3,30,2,255.05398073017136,3.982937662597012,4.7605,4.7605,12.9956,90.0,90.0,120.0,mp-1143,-3.426551008,0.0,,,
1000033,data/raw/cif/1/00/00/1000033.cif,BaCO3,20,3,303.805072401072,4.314397637415271,5.3126,8.8958,6.4284,90.0,90.0,90.0,mp-5504,-2.682779261000001,0.0,,,
1000034,data/raw/cif/1/00/00/1000034.cif,CaAl2(SiO4)2,104,4,1336.345787572454,2.765595894982586,8.173,12.869,14.165,93.113,115.913,91.261,mp-1227323,-3.426420772692307,0.0,,,
1000035,data/raw/cif/1/00/00/1000035.cif,Na0.36Ca2.464Mg3.608Ti0.08Al1.368Fe0.84Si7.28O24,40,8,432.5306295355303,3.343182415939121,9.699,8.844,5.272,90.0,106.97,90.0,,,,,,
1000036,data/raw/cif/1/00/00/1000036.cif,Mg3(SiO3)4,76,3,1409.3428509448884,1.7779578084133698,5.329999999999999,9.18,28.85,90.0,93.25,90.0,mp-1200846,-2.961359535263158,0.10622230469298201,,,
1000037,data/raw/cif/1/00/00/1000037.cif,BaSO4,24,3,346.840901416,4.4695138029846335,8.884,5.458,7.153,90.0,90.0,90.0,mp-3164,-2.707112589583333,0.0,,,
1000038,data/raw/cif/1/00/00/1000038.cif,KMg2AlFeSi3(HO6)2,44,7,497.7843158561532,2.994268566841228,5.345000000000001,9.258,10.222,90.0,100.23000000000002,90.0,mp-1223617,-2.807952449875,0.0005832720549180001,,,
1000039,data/raw/cif/1/00/00/1000039.cif,Ca3Al2O6,264,3,3555.655796447,3.028415689772515,15.263,15.263,15.263,90.0,90.0,90.0,mp-12147,-3.39813622378788,0.012787945952346001,,,
1000040,data/raw/cif/1/00/00/1000040.cif,Ca8Al2.4Fe5.6O20,36,4,439.2268584,3.849023080789277,5.588,14.61,5.38,90.0,90.0,90.0,,,,,,
1000041,data/raw/cif/1/00/00/1000041.cif,NaCl,8,2,177.50432800000002,2.186910094616229,5.62,5.62,5.62,90.0,90.0,90.0,mp-22862,-2.03840117125,0.0,,,
1000042,data/raw/cif/1/00/00/1000042.cif,KAl3(SiO4)3,76,4,934.196718174554,2.817645124382969,5.189,8.995,20.09698,90.0,95.18,90.0,mp-1223770,-3.044453803714913,0.077500275087721,,,
1000043,data/raw/cif/1/00/00/1000043.cif,CaF2,12,2,162.95027112799997,3.18247439364433,5.462,5.462,5.462,90.0,90.0,90.0,mp-2741,-4.22225448,0.0,,,
1000044,data/raw/cif/1/00/00/1000044.cif,CaO,8,2,110.52289439900004,3.3701149102116488,4.799,4.799,4.799,90.0,90.0,90.0,mp-2605,-3.306019392499999,0.0,,,
1000045,data/raw/cif/1/00/00/1000045.cif,Ca(HO)2,5,3,54.353606449631975,2.2635809819721824,3.5862,3.5862,4.8801,90.0,90.0,120.0,mp-23879,-2.164703914499993,0.0,,,
1000046,data/raw/cif/1/00/00/1000046.cif,Ca5Si6O19,48,3,454.4154913221435,2.4589011868787054,5.592999999999999,3.645,22.45599,90.0,96.96999999999998,90.0,,,,,,
1000047,data/raw/cif/1/00/00/1000047.cif,MgSiO3,80,3,833.4375541806601,3.2002274453201247,18.25099,8.814,5.181,90.0,90.0,90.0,mp-3470,-3.223359357250002,0.007678037916668001,,,
1000048,data/raw/cif/1/00/00/1000048.cif,Ca2Al2SiO7,24,4,299.05229171,3.0450891143461867,7.685,7.685,5.0636,90.0,90.0,90.0,mp-1227499,-3.464139528749999,0.00020744736111300002,,,
1000049,data/raw/cif/1/00/00/1000049.cif,K4S2O7.996,22,3,256.51414850013407,2.25571241315786,5.947,5.947,8.375,90.0,90.0,120.0,,,,,,
1000050,data/raw/cif/1/00/00/1000050.cif,KCl,2,2,47.99044410399999,2.579583260794564,3.634,3.634,3.634,90.0,90.0,90.0,mp-23193,-2.175260748125,0.0,,,
1000051,data/raw/cif/1/00/00/1000051.cif,KNO3,15,3,238.72963612792697,2.109739908909361,5.487,5.487,9.156,90.0,90.0,120.0,mp-5158,-1.4221385969499991,0.0,,,
1000052,data/raw/cif/1/00/00/1000052.cif,CaMg3(CO3)4,60,4,611.643072036554,2.8752934981879257,9.5027,9.5027,7.8212,90.0,90.0,120.0,mp-6524,-2.5017533032499992,0.0036534245000010004,,,
1000053,data/raw/cif/1/00/00/1000053.cif,MgO,8,2,74.99128631299997,3.5698564001176347,4.217,4.217,4.217,90.0,90.0,90.0,mp-1265,-3.03830917,0.0,,,
1000054,data/raw/cif/1/00/00/1000054.cif,Mg(HO)2,5,3,40.74713058507867,2.3766607792101877,3.142,3.1420000000000003,4.766,90.0,90.0,120.0,mp-30247,-2.002504449499994,0.0,,,
1000055,data/raw/cif/1/00/00/1000055.cif,LaB6,7,2,71.86661198034841,4.70831277198354,4.157597,4.157597,4.157597,90.0,90.0,90.0,mp-2680,-0.625482852857142,0.0,,,
1000056,data/raw/cif/1/00/00/1000056.cif,Mg7.72B56,64,2,508.3455,2.590544236017525,5.97,8.125,10.48,90.0,90.0,90.0,,,,,,
1000057,data/raw/cif/1/00/00/1000057.cif,LaB6,7,2,71.835657893,4.710341590666103,4.157,4.157,4.157,90.0,90.0,90.0,mp-2680,-0.625482852857142,0.0,,,
1000058,data/raw/cif/1/00/00/1000058.cif,RuO2,6,2,62.78483567417602,7.038831554836318,4.4968,4.4968,3.1049,90.0,90.0,90.0,mp-825,-1.457661898333333,0.0,,,
1000059,data/raw/cif/1/00/00/1000059.cif,Al2O3,30,2,254.4176995274525,3.992898716293426,4.7554,4.7554,12.991,90.0,90.0,120.0,mp-1143,-3.426551008,0.0,,,
1000060,data/raw/cif/1/00/00/1000060.cif,Ti3.996Al8.004O20,32,3,326.270517804,3.70117761648159,9.429,9.636,3.591,90.0,90.0,90.0,,,,,,
1000069,data/raw/cif/1/00/00/1000069.cif,LiNbWO6,18,4,203.309822951496,6.202157292475148,4.6818,4.6818,9.2754,90.0,90.0,90.0,mp-1222358,-2.5708851625925933,0.013673802361116,,,
1000070,data/raw/cif/1/00/00/1000070.cif,LiNbWO6,30,4,314.60671941320686,6.012075187407066,5.1562,5.1562,13.664,90.0,90.0,120.0,mp-1222358,-2.5708851625925933,0.013673802361116,,,
1000071,data/raw/cif/1/00/00/1000071.cif,Ba2PdO3,12,3,208.71536616,6.827395266539831,13.335,4.08,3.8362,90.0,90.0,90.0,mp-29352,-2.2819422708333352,0.0,,,
1000072,data/raw/cif/1/00/00/1000072.cif,VPO7,36,3,528.8155033626958,2.435608580302322,5.659,7.577999999999999,12.623,89.66,102.14,92.23,mp-1203184,-1.561351912182539,0.384473409999998,,,
1000073,data/raw/cif/1/00/00/1000073.cif,Li3ThF7,96,3,998.5689068355,5.133096374841855,8.7885,8.7685,12.958,90.0,90.0,90.0,mp-27761,-3.555880871931816,0.209163741590908,,,
1000074,data/raw/cif/1/00/00/1000074.cif,Li3ThF7,96,3,985.8499471712,5.199321104002631,8.759,8.728,12.8956,90.0,90.0,90.0,mp-27761,-3.555880871931816,0.209163741590908,,,
1000075,data/raw/cif/1/00/00/1000075.cif,LiBi(PdO2)2,16,4,208.030578894717,7.866589377478578,6.9109,6.9109,4.3557,90.0,90.0,90.0,mp-559893,-1.383742147916666,0.0,,,
1000076,data/raw/cif/1/00/00/1000076.cif,Na3Sr4Al5F26,152,4,1937.06117174293,3.594659462893245,10.2679,10.2679,18.373,90.0,90.0,90.0,mp-667386,-3.871635892543103,0.00018034721490900002,,,
1000077,data/raw/cif/1/00/00/1000077.cif,Cr12N0.4F36,52,3,668.68419072,3.2618019574304933,7.276,12.48,7.364,90.0,90.0,90.0,,,,,,
1000078,data/raw/cif/1/00/00/1000078.cif,V12N0.32F36,52,3,720.752954625,2.994424428665856,7.425,12.835,7.563,90.0,90.0,90.0,,,,,,
1000079,data/raw/cif/1/00/00/1000079.fixed.cif,KVPO6,72,4,1050.2653064904,2.7448570795888765,6.755,9.1026,17.0808,90.0,90.0,90.0,mp-1211800,-2.332272637849207,0.07633504923611101,,,
1000161,data/raw/cif/1/00/01/1000161.cif,Rb2CrF5,32,3,515.5450821,4.096051109274864,7.515,5.724,11.985,90.0,90.0,90.0,mp-27154,-3.1019547465625,0.0,,,
1000100,data/raw/cif/1/00/01/1000100.cif,Mn0.9999Fe2.0001Pb2O3F12,20,5,298.02658341445505,4.775056904743478,9.32,9.32,3.9618,90.0,90.0,120.0,,,,,,
1000162,data/raw/cif/1/00/01/1000162.cif,K3Fe5F15,46,3,642.2312955000001,3.524121776356731,12.75,12.637,3.986,90.0,90.0,90.0,mp-1201518,-2.743160296163043,0.021153562336972003,,,
1000101,data/raw/cif/1/00/01/1000101.cif,Co3(PO5)2,30,3,369.97822260708097,3.579265748201449,7.531,7.516,7.7,90.0,121.91,90.0,mp-1193155,-1.7395811326190471,0.17145911600000002,,,
1000163,data/raw/cif/1/00/01/1000163.cif,Nb16Tl8O39.84F8.16,128,4,1159.610634216,5.604785689911424,10.506,10.506,10.506,90.0,90.0,90.0,,,,,,
1000102,data/raw/cif/1/00/01/1000102.cif,Co3P2(H2O5)2,38,4,366.10674299470617,3.653688972809593,7.5024,7.4896,7.6716,90.0,121.86400000000002,90.0,mp-505087,-1.867409593646617,0.011962750263154001,,,
1000164,data/raw/cif/1/00/01/1000164.cif,Cs2NaAl3F12,18,4,259.876359160383,3.8193069583914574,7.31,7.31,7.31,57.43000000000001,57.43000000000001,57.430000000000014,mp-12309,-3.653021051149425,0.0,,,
1000103,data/raw/cif/1/00/01/1000103.cif,KCaAl2F9,156,4,2002.037167344,3.026985487797924,12.343,7.152,22.679,90.0,90.0,90.0,mp-557743,-3.8587544829935903,0.0,,,
1000166,data/raw/cif/1/00/01/1000166.cif,KAlF4,12,3,156.76191723600002,3.009895781650069,5.043,5.043,6.164,90.0,90.0,90.0,mp-561424,-3.648254212874994,0.0,,,
1000104,data/raw/cif/1/00/01/1000104.cif,Ba3AlF9,104,3,1631.881918479024,4.965274756780756,7.5318,14.8674,14.5732,90.0,90.0,90.0,mp-556863,-4.097918263846154,0.005861223750003,,,
1000165,data/raw/cif/1/00/01/1000165.cif,Cs2LiAl3F12,18,4,246.7703397019838,3.914157510305524,7.105999999999999,7.106,7.106,58.8,58.8,58.8,mp-13634,-3.662050771257982,0.0,,,
1000105,data/raw/cif/1/00/01/1000105.cif,MnFe2Pb8F24,70,4,1034.8775370506587,7.317472806279257,20.181,5.625,9.438,90.0,105.0,90.0,mp-1201249,-2.697094647512314,0.003279218785723,,,
1000167,data/raw/cif/1/00/01/1000167.cif,Li2TiF6,18,3,191.5387015,3.0471353229979945,4.63,4.63,8.935,90.0,90.0,90.0,mp-7603,-3.530037228333332,0.0,,,
1000106,data/raw/cif/1/00/01/1000106.cif,CsAlF4,120,3,1865.398898767941,4.199519551971136,11.8101,11.8101,13.3741,90.0,90.0,90.0,mp-554899,-3.6381687611111113,0.0,,,
1000168,data/raw/cif/1/00/01/1000168.cif,Ba2Ni3F10,60,3,801.5483546655723,5.309412215557484,18.542,5.958,7.821,90.0,111.92,90.0,mp-27680,-3.060660682666666,0.10972355133333701,,,
1000107,data/raw/cif/1/00/01/1000107.cif,CsAlF4,72,3,1253.9150665200002,3.748473572141951,10.5576,6.75,17.5954,90.0,90.0,90.0,mp-554899,-3.6381687611111113,0.0,,,
1000179,data/raw/cif/1/00/01/1000179.cif,Na0.22Fe2F6,10,3,106.74272966577988,3.589469227440532,5.372,5.372,5.372,58.84999999999999,58.84999999999999,58.84999999999999,,,,,,
1000108,data/raw/cif/1/00/01/1000108.cif,BaZr2(OF5)2,64,4,919.424962729448,3.913794305774657,7.8974,7.9076,14.7227,90.0,90.0,90.0,,,,,,
1000180,data/raw/cif/1/00/01/1000180.cif,Li3Fe(SbO4)2,48,4,444.835056861,5.019112379891441,9.017,5.013,9.841,90.0,90.0,90.0,,,,,,
1000181,data/raw/cif/1/00/01/1000181.cif,AlHg2O2F5,40,4,633.4326077689999,5.82131177151152,9.353,9.353,7.241,90.0,90.0,90.0,mp-1182875,-1.9309594585000012,0.25805731199999904,,,
1000110,data/raw/cif/1/00/01/1000110.cif,AlF3,64,2,744.0662956059621,2.9985859505358814,10.1843,10.1843,7.1738,90.0,90.0,90.0,mp-468,-3.86576940625,0.0,,,
1000182,data/raw/cif/1/00/01/1000182.cif,AlH4NF4,56,4,329.53539110937504,2.439165382805353,5.0875,5.0875,12.7319,90.0,90.0,90.0,mp-696815,-2.19714858625,0.0,,,
1000111,data/raw/cif/1/00/01/1000111.cif,Li8Bi2PdO10,42,4,435.6333126566866,5.640695837104468,9.730800000000002,4.2042,11.0656,90.0,105.781,90.0,mp-560555,-1.843717397460318,0.0,,,
1000183,data/raw/cif/1/00/01/1000183.cif,AlH4NF4,40,4,324.992107336848,2.4732641201347594,5.0564,5.0564,12.7113,90.0,90.0,90.0,mp-696815,-2.19714858625,0.0,,,
1000112,data/raw/cif/1/00/01/1000112.cif,Ti3.4284H2.2856O8,16,3,133.39578897366,3.664830441410148,9.7689,2.9212,4.6745,90.0,90.0,90.0,,,,,,
1000184,data/raw/cif/1/00/01/1000184.cif,LiMnFeF6,27,4,304.14207122908056,3.7953077561718263,8.684,8.684,4.657,90.0,90.0,120.0,mp-22200,-2.881047644584929,0.0,,,
1000113,data/raw/cif/1/00/01/1000113.cif,VPH5NO6,56,5,556.0122756300001,2.3528729218734603,6.83,9.233,8.817,90.0,90.0,90.0,mp-731924,-1.687812182206633,0.073617535104156,,,
1000185,data/raw/cif/1/00/01/1000185.cif,LiMnFeF6,27,4,312.67891293423486,3.69168726819988,8.723,8.723,4.745,90.0,90.0,120.0,mp-22200,-2.881047644584929,0.0,,,
1000114,data/raw/cif/1/00/01/1000114.cif,K8.724Ba21.276Al18Cl6F99,177,5,2352.9791610711363,4.1228666910131055,18.863,18.863000000000003,7.636,90.0,90.0,120.0,,,,,,
1000186,data/raw/cif/1/00/01/1000186.cif,LiMnFeF6,27,4,312.67891293423486,3.69168726819988,8.723,8.723,4.745,90.0,90.0,120.0,mp-22200,-2.881047644584929,0.0,,,
1000115,data/raw/cif/1/00/01/1000115.cif,Zn11.0004P8H14O30,64,4,714.180168307799,3.397918178187996,12.872,12.872,4.9772,90.0,90.0,120.0,,,,,,
1000187,data/raw/cif/1/00/01/1000187.cif,Fe3OF9,52,3,711.1677895400001,3.311141855385912,7.423,12.73,7.526,90.0,90.0,90.0,mp-818581,-2.243188886538461,0.201831435384615,,,
1000116,data/raw/cif/1/00/01/1000116.cif,TlV4O10,30,3,404.7853714056895,4.661354945308063,11.609,3.6877,9.629,90.0,100.9,90.0,mp-18842,-2.222900838222223,0.034773842999989,,,
1000188,data/raw/cif/1/00/01/1000188.cif,MnFe(NF3)2,80,4,1064.043761352,3.155978950192905,7.844,12.819,10.582,90.0,90.0,90.0,,,,,,
1000117,data/raw/cif/1/00/01/1000117.cif,Li3(CuO2)2,18,3,175.27321443009544,4.015321481272439,9.946,2.778,7.26,90.0,119.1,90.0,mp-1222709,-1.5847087977777772,0.010326508888888001,,,
1000189,data/raw/cif/1/00/01/1000189.cif,Nb4HO12,34,3,446.81986112499993,4.196697799903251,7.645,7.645,7.645,90.0,90.0,90.0,,,,,,
1000190,data/raw/cif/1/00/01/1000190.cif,Nb8H8.0016O24,80,3,446.81986112499993,4.219178941246142,7.645,7.645,7.645,90.0,90.0,90.0,,,,,,
1000191,data/raw/cif/1/00/01/1000191.cif,Cr2Ag2.0004P4S12,30,4,406.4069121489193,3.384952935003044,5.892,10.632,6.745,90.0,105.88,90.0,,,,,,
1000120,data/raw/cif/1/00/01/1000120.cif,VP2(HO)6,60,4,636.9168599879185,2.241452675512171,12.195,8.111,7.651,90.0,122.69,90.0,mp-735524,-1.473720878452381,0.14649153369231502,,,
1000192,data/raw/cif/1/00/01/1000192.cif,CrAg(PS3)2,20,4,406.4069121489193,3.3847766394184564,5.892,10.632,6.745,90.0,105.88,90.0,mp-557592,-0.646436608595232,0.0,,,
1000193,data/raw/cif/1/00/01/1000193.cif,Fe3(OF4)2,26,4,375.5041282049255,3.108963937872205,7.609000000000001,7.514,7.453,90.0,118.21,90.0,mp-1104355,-1.968427066153846,0.31435326399572805,,,
1000122,data/raw/cif/1/00/01/1000122.cif,BaFeF5,56,3,856.8542579748337,4.467575225274232,9.532,7.901,11.398,90.0,93.45000000000002,90.0,mp-14999,-3.344179041071432,0.0,,,
1000194,data/raw/cif/1/00/01/1000194.cif,Ca3Mn3O8,38,3,323.7278478,4.237353070399101,5.332,11.13,5.455,90.0,90.0,90.0,,,,,,
1000123,data/raw/cif/1/00/01/1000123.cif,V7.92Fe16Mo12.08O80,116,4,1559.7119017131,3.977389114537607,9.539,9.539,17.1411,90.0,90.0,90.0,,,,,,
1000124,data/raw/cif/1/00/01/1000124.cif,VFeMoO7,20,4,286.3768413281242,3.649797047740794,5.570299999999999,6.6741,7.9032,96.174,90.26,101.273,mp-19180,-2.0215053575,0.014226072281219,,,
1000125,data/raw/cif/1/00/01/1000125.cif,KAlF4,12,3,156.531381329664,3.014328688624411,5.0424,5.0424,6.1564,90.0,90.0,90.0,mp-561424,-3.648254212874994,0.0,,,
1000197,data/raw/cif/1/00/01/1000197.cif,Li2.3332Fe2Sn0.6668Sb1O8,20,5,149.82508821,5.062751708250525,3.031,5.045,9.798,90.0,90.0,90.0,,,,,,
1000126,data/raw/cif/1/00/01/1000126.cif,KAlF4,12,3,156.582474447487,3.013345108237216,5.0431,5.0431,6.1567,90.0,90.0,90.0,mp-561424,-3.648254212874994,0.0,,,
1000198,data/raw/cif/1/00/01/1000198.cif,AlTlF4,6,3,83.238352896,6.131557136289456,3.616,3.616,6.366,90.0,90.0,90.0,mp-3751,-3.2540289300000023,0.0,,,
1000127,data/raw/cif/1/00/01/1000127.cif,KAlF4,12,3,156.603944599552,3.012931983409078,5.0432,5.0432,6.1573,90.0,90.0,90.0,mp-561424,-3.648254212874994,0.0,,,
1000199,data/raw/cif/1/00/01/1000199.cif,AlNF4,24,3,327.87005806,2.369877087937631,5.078,5.078,12.715,90.0,90.0,90.0,mp-1197328,-1.920443802666667,0.7416938927500021,,,
1000128,data/raw/cif/1/00/01/1000128.cif,Cr2PdN4O7,56,4,1027.5728318458016,2.4461751068686306,7.771,11.578,11.852,90.0,105.5,90.0,,,,,,
1000129,data/raw/cif/1/00/01/1000129.cif,BaAlF5,28,3,379.281558686688,4.54099274424898,13.7168,5.6054,4.9329,90.0,90.0,90.0,mp-4376,-4.044061821071429,0.0,,,
1000130,data/raw/cif/1/00/01/1000130.cif,BaAlF5,56,3,761.0417260769918,4.526203352612111,5.1517,19.56659,7.5567,90.0,92.426,90.0,mp-4376,-4.044061821071429,0.0,,,
1000131,data/raw/cif/1/00/01/1000131.cif,BaAlF5,28,3,377.0337845826575,4.568064922696892,5.2584,9.7298,7.3701,90.0,90.875,90.0,mp-4376,-4.044061821071429,0.0,,,
1000132,data/raw/cif/1/00/01/1000132.cif,Ba16Zr16O0.6F96,132,4,1961.9029724738127,4.646914375510844,13.193,7.499,19.83899,90.0,91.69,90.0,,,,,,
1000133,data/raw/cif/1/00/01/1000133.cif,Pd(NO4)2,44,3,622.1573949800439,2.801689389971531,5.0036,10.6073,11.7223,90.0,90.0,90.0,mp-1203258,-0.42810358681818106,0.190333285454547,,,
1000134,data/raw/cif/1/00/01/1000134.cif,BaHgRuO5,48,4,754.3784178296632,6.854330832717177,10.176,10.176,8.4121,90.0,90.0,120.0,mp-560702,-1.744168052604168,0.0,,,
1000135,data/raw/cif/1/00/01/1000135.cif,Sr5Zr3F22,60,3,809.5913838250001,4.634368024114538,7.655,10.313,10.255,90.0,90.0,90.0,mp-29085,-4.167500046999999,0.0,,,
1000136,data/raw/cif/1/00/01/1000136.cif,K2TiSi3O10,64,4,915.064705248912,2.687989285543166,7.1362,9.9084,12.9414,90.0,90.0,90.0,mp-1197256,-2.795934390645834,0.14973736921875,,,
1000137,data/raw/cif/1/00/01/1000137.cif,V2Cu3H6O11,44,4,447.72502767142873,3.520146336892674,10.606,5.874,7.213,90.0,94.9,90.0,mp-721062,-1.4849809173863622,0.029480779204545,,,
1000138,data/raw/cif/1/00/01/1000138.cif,V2Cu3H6O11,44,4,447.08027881963415,3.525222853161414,10.607,5.864,7.214,90.0,94.88,90.0,mp-721062,-1.4849809173863622,0.029480779204545,,,
1000139,data/raw/cif/1/00/01/1000139.cif,BaGaO2F5,18,4,283.05669312752667,3.919270160709545,10.0626,5.807,4.9788,90.0,103.359,90.0,,,,,,
1000141,data/raw/cif/1/00/01/1000141.cif,LiSbO3,20,3,215.56142354736005,5.444683380140021,4.9005,8.4892,5.1816,90.0,90.0,90.0,mp-4995,-2.118194097166666,0.0,,,
1000142,data/raw/cif/1/00/01/1000142.cif,Li1.6Sb4H2.4O12,24,4,214.0488832804,5.372691954918262,4.726,8.659,5.2306,90.0,90.0,90.0,,,,,,
1000143,data/raw/cif/1/00/01/1000143.cif,Li0.66Sb4H1.34O12,18,4,214.5849050108357,5.30051408952369,5.2526,4.7331,8.6322,90.0,90.8,90.0,,,,,,
1000144,data/raw/cif/1/00/01/1000144.cif,NaFe2PbF9,52,4,700.2083582547589,4.865026362905516,7.308,12.559,7.64,90.0,93.06,90.0,mp-1210072,-2.723446277029177,0.0,,,
1000145,data/raw/cif/1/00/01/1000145.cif,Na5V2(PO5)3,50,4,648.9016917756442,2.81358985907946,6.3089,20.10379,5.1172,90.0,91.134,90.0,mp-1191760,-2.368040028633004,0.17594328853333202,,,
1000146,data/raw/cif/1/00/01/1000146.cif,Rb2NaAl3F12,36,4,488.5726050078836,3.418134499021534,12.046,6.984,7.093,90.0,125.04,90.0,mp-542451,-3.646907238409961,0.0,,,
1000147,data/raw/cif/1/00/01/1000147.cif,K2NaAl3F12,36,4,468.39777510199673,2.9078135794571978,11.882,6.983,6.942,90.0,125.59,90.0,mp-560176,-3.64101468504885,0.0,,,
1000148,data/raw/cif/1/00/01/1000148.cif,LiPO3,60,3,714.3872860257361,2.3963779767911464,7.9911,17.03189,5.3208,90.0,99.433,90.0,mp-29195,-2.702727293428572,0.0,,,
1000149,data/raw/cif/1/00/01/1000149.cif,NaCaAlF6,72,4,923.5584074710129,2.9348739457065536,8.7423,5.1927,20.35139,90.0,91.499,90.0,mp-17944,-3.830305885338441,0.0,,,
1000150,data/raw/cif/1/00/01/1000150.cif,Ba2ZrF8,44,3,650.078627853837,5.291270333761636,9.7401,5.6147,11.8871,90.0,90.0,90.0,mp-5900,-4.161155802954545,0.0,,,
1000151,data/raw/cif/1/00/01/1000151.cif,Ba2ZrF8,44,3,650.394122276514,5.288703634245141,9.7426,5.6157,11.8877,90.0,90.0,90.0,mp-5900,-4.161155802954545,0.0,,,
1000152,data/raw/cif/1/00/01/1000152.cif,Ba2ZrF8,44,3,650.135127836313,5.2908104960012485,9.7401,5.6167,11.8839,90.0,90.0,90.0,mp-5900,-4.161155802954545,0.0,,,
1000153,data/raw/cif/1/00/01/1000153.cif,Ba2ZrF8,44,3,651.53268759072,5.279461527701978,9.7472,5.6173,11.8995,90.0,90.0,90.0,mp-5900,-4.161155802954545,0.0,,,
1000154,data/raw/cif/1/00/01/1000154.cif,ZrPb2F8,44,3,626.2018453152,6.975317242762252,10.08,5.3262,11.6637,90.0,90.0,90.0,mp-541593,-3.232141201818122,0.019829126363582,,,
1000155,data/raw/cif/1/00/01/1000155.cif,LaNi5H7,34,3,217.90291788827415,6.804649266605705,5.409,5.409,8.6,90.0,90.0,120.0,mp-23671,-0.31939383144230704,0.0,,,
1000156,data/raw/cif/1/00/01/1000156.cif,LaNi5H7,34,3,217.90291788827415,6.804649266605705,5.409,5.409,8.6,90.0,90.0,120.0,mp-23671,-0.31939383144230704,0.0,,,
1000157,data/raw/cif/1/00/01/1000157.cif,NaMnCrF6,27,4,350.4050216473602,3.467666744405854,8.993,8.993,5.003,90.0,90.0,120.0,mp-18641,-3.049081169923372,0.0,,,
1000158,data/raw/cif/1/00/01/1000158.cif,MnCrF5,28,3,359.96353638601573,3.726002725097755,8.586,6.291,7.381,90.0,115.45999999999998,90.0,mp-555156,-2.99918572899015,0.009525761071427,,,
1000159,data/raw/cif/1/00/01/1000159.cif,MnCrF5,28,3,371.28314444846905,3.612405081039897,8.856,6.291,7.381,90.0,115.45999999999998,90.0,mp-555156,-2.99918572899015,0.009525761071427,,,
1000160,data/raw/cif/1/00/01/1000160.cif,MnCrF5,28,3,371.28314444846905,3.612405081039897,8.856,6.291,7.381,90.0,115.45999999999998,90.0,mp-555156,-2.99918572899015,0.009525761071427,,,
1000169,data/raw/cif/1/00/01/1000169.cif,Nb16Tl8O39.9984F8.0016,96,4,1159.610634216,5.604105439183653,10.506,10.506,10.506,90.0,90.0,90.0,,,,,,
1000170,data/raw/cif/1/00/01/1000170.cif,Ti8Nb8Tl8O32.0016F15.9984,96,5,1113.5453771250002,5.334391344531447,10.365,10.365,10.365,90.0,90.0,90.0,,,,,,
1000171,data/raw/cif/1/00/01/1000171.cif,Ti8Tl8W8O39.9984F8.0016,96,5,1074.056427521,6.618138031554435,10.241,10.241,10.241,90.0,90.0,90.0,,,,,,
1000172,data/raw/cif/1/00/01/1000172.cif,Rb8Nb16O39.9984F8.0016,96,4,1154.9810154880004,4.25883155427064,10.492,10.492,10.492,90.0,90.0,90.0,,,,,,
1000173,data/raw/cif/1/00/01/1000173.cif,Cs8Nb16O39.9984F8.0016,96,4,1165.9134531250002,4.759398026511265,10.525,10.525,10.525,90.0,90.0,90.0,,,,,,
1000174,data/raw/cif/1/00/01/1000174.cif,Fe2NF6,36,4,531.2258578799999,2.9969160562842365,7.045,7.454,10.116,90.0,90.0,90.0,mp-1198504,-1.7376558488888891,0.616808164814817,,,
1000175,data/raw/cif/1/00/01/1000175.cif,RbAlF4,120,3,1708.1353233560003,3.6638418371619417,11.666,11.666,12.551,90.0,90.0,90.0,mp-13997,-3.637255926416667,0.0,,,
1000176,data/raw/cif/1/00/01/1000176.cif,Na3Li3Sc2F12,160,4,2003.711812543,2.702890971275259,12.607,12.607,12.607,90.0,90.0,90.0,mp-14023,-3.5836517074568963,0.0,,,
1000177,data/raw/cif/1/00/01/1000177.cif,Na3Li3In2F12,160,4,2044.997776557,3.5559716863695088,12.693,12.693,12.693,90.0,90.0,90.0,mp-6527,-3.013227017373563,0.0,,,
1000178,data/raw/cif/1/00/01/1000178.cif,LiFe2F6,18,4,202.86507041,3.808215520479033,4.673,4.673,9.29,90.0,90.0,90.0,mp-557403,-2.753536442592592,0.0,,,
1000261,data/raw/cif/1/00/02/1000261.cif,LiCoF4,12,3,127.36499893311613,3.6992429544578926,5.429600000000001,4.6462,5.5371,90.0,114.244,90.0,mp-554689,-2.526201368055556,0.0,,,
1000262,data/raw/cif/1/00/02/1000262.cif,K2AlH2OF5,44,5,559.1652727999999,2.591759224304886,9.2,8.119,7.486,90.0,90.0,90.0,mp-24608,-2.897516300181818,0.0038401361363700004,,,
1000201,data/raw/cif/1/00/02/1000201.cif,Ba2FeCoF9,52,4,755.8795176496585,4.92457154670697,7.486,17.757,5.687,90.0,90.87000000000002,90.0,mp-541648,-3.3009751957692313,0.000679730192309,,,
1000263,data/raw/cif/1/00/02/1000263.cif,Sr10Al2ClF25,304,4,4427.829292181328,4.321996776179739,16.4209,16.4209,16.4209,90.0,90.0,90.0,mp-555507,-4.103373948026316,0.007547992236840001,,,
1000264,data/raw/cif/1/00/02/1000264.cif,Li0.4La8Cu3.6O15.864,28,4,375.05731136668805,7.068831877888268,5.3813,5.3192,13.1028,90.0,90.0,90.0,,,,,,
1000266,data/raw/cif/1/00/02/1000266.cif,Li1.008La8Cu2.992O15.92,28,4,370.04560700475207,7.014151687774309,5.3177,5.3032,13.1218,90.0,90.0,90.0,,,,,,
1000204,data/raw/cif/1/00/02/1000204.cif,BaNaCr2F9,52,4,683.6935325067068,4.228933884756781,7.318,17.311,5.398,90.0,91.14,90.0,mp-556890,-3.344845697413793,0.0,,,
1000265,data/raw/cif/1/00/02/1000265.cif,Li0.58La8Cu3.42O15.896,28,4,373.4834060271341,7.0555964032149845,5.3617,5.3147,13.1066,90.0,90.0,90.0,,,,,,
1000205,data/raw/cif/1/00/02/1000205.cif,BaNaFe2F9,52,4,707.4748176290386,4.159052256936234,7.363,17.527,5.484,90.0,91.5,90.0,mp-554149,-3.086046867413792,0.002043238076927,,,
1000267,data/raw/cif/1/00/02/1000267.cif,Li1.82La8Cu2.18O16,28,4,363.8288116848,6.930065897166004,5.2636,5.258,13.146,90.0,90.0,90.0,,,,,,
1000268,data/raw/cif/1/00/02/1000268.cif,LiLa4CuO8,28,4,362.74084764413,6.904208858774424,5.2517,5.251,13.1539,90.0,90.0,90.0,mp-21496,-3.167302960238095,0.015669528214286,,,
1000207,data/raw/cif/1/00/02/1000207.cif,KAlF4,12,3,156.757897808792,3.0099729583484502,5.0449,5.0449,6.1592,90.0,90.0,90.0,mp-561424,-3.648254212874994,0.0,,,
1000279,data/raw/cif/1/00/02/1000279.cif,Nb4.8H1.2W3.2O24,34,4,436.8135605468751,5.395952447054964,7.5875,7.5875,7.5875,90.0,90.0,90.0,,,,,,
1000208,data/raw/cif/1/00/02/1000208.cif,KAlF4,24,3,325.8229881016068,2.8962783513904355,7.3403,7.237,6.407,90.0,106.80100000000002,90.0,mp-561424,-3.648254212874994,0.0,,,
1000280,data/raw/cif/1/00/02/1000280.cif,LaSO,24,3,466.35119180999993,5.325956563179706,13.215,5.943,5.938,90.0,90.0,90.0,mp-28626,-3.05161248,0.0,,,
1000209,data/raw/cif/1/00/02/1000209.cif,Na3Li3Ti2F12,160,4,1952.187649992,2.81384741517835,12.498,12.498,12.498,90.0,90.0,90.0,mp-14457,-3.32034199441523,0.0,,,
1000281,data/raw/cif/1/00/02/1000281.cif,CsSb2PO8,96,4,1532.6824843052084,4.6404567190731285,18.165,7.154,13.677,90.0,120.42000000000002,90.0,mp-1197959,-2.223383279524836,0.0,,,
1000210,data/raw/cif/1/00/02/1000210.cif,Na3Li3V2F12,160,4,1910.778533929,2.917576951886851,12.409,12.409,12.409,90.0,90.0,90.0,mp-6153,-3.180364160456896,0.0,,,
1000282,data/raw/cif/1/00/02/1000282.cif,Mo4H8N2O13,216,4,2238.839076852,3.725269200970197,7.647,15.414,18.994,90.0,90.0,90.0,mp-728126,-1.44423050962963,0.083840232724878,,,
1000211,data/raw/cif/1/00/02/1000211.cif,Na3Li3Cr2F12,160,4,1873.604311552,2.990419400851825,12.328,12.328,12.328,90.0,90.0,90.0,mp-14458,-3.1130103960818962,0.0,,,
1000283,data/raw/cif/1/00/02/1000283.cif,Mo4H8N2O13,54,4,590.9200840440069,3.528513619747009,8.264,8.344000000000001,10.245,104.61,106.05,109.67,mp-728126,-1.44423050962963,0.083840232724878,,,
1000212,data/raw/cif/1/00/02/1000212.cif,Na3Li3Fe2F12,160,4,1903.396862457,2.997337432078209,12.393,12.393,12.393,90.0,90.0,90.0,mp-6247,-2.955179196081896,0.0,,,
1000284,data/raw/cif/1/00/02/1000284.cif,Ba2Y2CuPtO8,56,5,774.23765896,7.19852983486679,13.207,5.68,10.321,90.0,90.0,90.0,mp-504966,-2.653220258035713,0.01763123580358,,,
1000213,data/raw/cif/1/00/02/1000213.cif,Na3Li3Co2F12,160,4,1872.6925819760004,3.090294592311172,12.326,12.326,12.326,90.0,90.0,90.0,mp-21932,-2.717113636581897,0.0008153346249990001,,,
1000285,data/raw/cif/1/00/02/1000285.cif,Sr2CaCu2(BiO4)2,68,5,896.816531939328,6.579568497963342,5.4054,5.4016,30.7152,90.0,90.0,90.0,mp-1218930,-2.074565263333333,0.039395298888888,,,
1000214,data/raw/cif/1/00/02/1000214.cif,Ba6Cu11F34,51,3,698.1106664510316,5.159018653715419,7.490000000000001,10.031000000000002,10.271,82.98,73.88,70.42000000000002,mp-15387,-2.659405699215693,0.0,,,
1000286,data/raw/cif/1/00/02/1000286.cif,SrZn2(PO4)2,52,4,714.3269488067149,3.7973208113100414,8.3232,9.5101,9.0317,90.0,92.293,90.0,mp-8810,-2.727579975137362,0.0,,,
1000215,data/raw/cif/1/00/02/1000215.cif,BaFeCuF7,40,4,527.652822920362,4.905675670894967,10.695,9.932,5.654,90.0,118.53,90.0,mp-1228033,-2.8692657275,0.015066848250016002,,,
1000287,data/raw/cif/1/00/02/1000287.cif,Cs4Nb2Si8O23,37,4,562.9797702109277,3.8642243755278898,7.016,7.839999999999999,11.066,77.16,89.95,72.02,mp-555696,-3.096816118205963,0.0,,,
1000216,data/raw/cif/1/00/02/1000216.cif,BaFeCuF7,40,4,527.652822920362,4.905675670894968,10.695,9.932,5.654,90.0,118.53,90.0,mp-1228033,-2.8692657275,0.015066848250016002,,,
1000288,data/raw/cif/1/00/02/1000288.cif,Ba3AlF9,104,3,1674.096173662,4.840069658690226,19.706,5.599,15.173,90.0,90.0,90.0,mp-556863,-4.097918263846154,0.005861223750003,,,
1000217,data/raw/cif/1/00/02/1000217.cif,Ba6Zn7F26,78,3,1104.645583226542,5.338830655862419,19.46,5.956,12.243,90.0,128.88,90.0,mp-31026,-3.328125286923077,0.0042175756410340005,,,
1000289,data/raw/cif/1/00/02/1000289.cif,NaSr2CrF8,48,4,667.5073960951729,4.002296076337341,7.7388,6.2756,14.827,90.0,112.03,90.0,mp-561198,-3.6519481267816083,0.00095399291666,,,
1000290,data/raw/cif/1/00/02/1000290.cif,PrNiO3,20,3,221.79445024987805,7.4149416740965775,5.4146,5.3757,7.6199,90.0,90.0,90.0,mp-22280,-2.406667594333332,0.0,,,
1000219,data/raw/cif/1/00/02/1000219.cif,BaNaFe2F9,52,4,697.3319249287207,4.219546863979259,7.3236,17.4525,5.4586,90.0,91.84,90.0,mp-554149,-3.086046867413792,0.002043238076927,,,
1000291,data/raw/cif/1/00/02/1000291.cif,PrNiO3,20,3,223.257869349372,7.366337934845953,5.4294,5.3849,7.6362,90.0,90.0,90.0,mp-22280,-2.406667594333332,0.0,,,
1000220,data/raw/cif/1/00/02/1000220.cif,Ba7Fe6CuF34,96,4,1450.318617812471,4.593188596595608,16.982,11.372,7.663,90.0,101.47,90.0,mp-553974,-3.299934332291667,0.0015561132291650002,,,
1000292,data/raw/cif/1/00/02/1000292.cif,PrNiO3,20,3,224.81653377024,7.315266740665597,5.4456,5.3952,7.652,90.0,90.0,90.0,mp-22280,-2.406667594333332,0.0,,,
1000221,data/raw/cif/1/00/02/1000221.cif,AlTlF4,6,3,86.176942455082,5.922474181286655,3.6587,3.6587,6.4378,90.0,90.0,90.0,mp-3751,-3.2540289300000023,0.0,,,
1000293,data/raw/cif/1/00/02/1000293.cif,PrNiO3,30,3,338.075334999685,7.29686289703459,5.4577,5.457700000000001,13.1058,90.0,90.0,120.0,mp-22280,-2.406667594333332,0.0,,,
1000222,data/raw/cif/1/00/02/1000222.cif,AlTlF4,6,3,85.409066346768,5.975720594348383,3.6492,3.6492,6.4137,90.0,90.0,90.0,mp-3751,-3.2540289300000023,0.0,,,
1000294,data/raw/cif/1/00/02/1000294.cif,PrNiO3,30,3,339.2080658553213,7.272496195340816,5.4614,5.4614,13.1319,90.0,90.0,120.0,mp-22280,-2.406667594333332,0.0,,,
1000295,data/raw/cif/1/00/02/1000295.cif,Na2MnCrF7,66,4,866.3927405890058,3.28778572677762,7.421,7.421,18.166,90.0,90.0,120.0,mp-14718,-3.030118618850574,0.013669422462114,,,
1000224,data/raw/cif/1/00/02/1000224.cif,MnFeH4NF6,104,5,1051.9518298363198,3.1170866575458223,10.5276,7.797,12.8156,90.0,90.0,90.0,mp-1182519,-1.9928143750331562,0.003534836743581,,,
1000296,data/raw/cif/1/00/02/1000296.cif,Na2MnGaF7,66,4,858.1713543512157,3.5250896351630487,7.401,7.401,18.091,90.0,90.0,120.0,mp-21762,-2.992714120289968,0.0016016828787970001,,,
1000225,data/raw/cif/1/00/02/1000225.cif,MnFeH4NF6,116,5,1051.133180095044,3.1195143253561977,7.7947,12.8133,10.5244,90.0,90.0,90.0,mp-1182519,-1.9928143750331562,0.003534836743581,,,
1000297,data/raw/cif/1/00/02/1000297.cif,BaNa4Cu3F12,320,4,4200.557260375001,4.098014081380143,16.135,16.135,16.135,90.0,90.0,90.0,mp-653631,-2.6341957474008613,0.015998111375002,,,
1000226,data/raw/cif/1/00/02/1000226.cif,Ba6Zn7F26,78,3,1104.645583226542,5.338830655862419,19.46,5.956,12.243,90.0,128.88,90.0,mp-31026,-3.328125286923077,0.0042175756410340005,,,
1000298,data/raw/cif/1/00/02/1000298.cif,KSiSbO5,64,4,893.7494712360001,3.9974218279222975,13.005,6.4748,10.614,90.0,90.0,90.0,mp-14721,-2.53744202090625,0.0,,,
1000227,data/raw/cif/1/00/02/1000227.cif,MnFeH4O2F5,52,5,555.0432263106501,2.893667820604896,7.5635,10.901,6.7319,90.0,90.0,90.0,mp-504945,-2.089966180610081,0.000495924935886,,,
1000299,data/raw/cif/1/00/02/1000299.cif,KAlH6(OF3)2,64,5,646.586319426048,2.240636941420112,8.6472,8.6472,8.6472,90.0,90.0,90.0,mp-723378,-2.337382004046875,0.0,,,
1000228,data/raw/cif/1/00/02/1000228.cif,FeF3,64,2,1100.7030781249998,2.723722032722689,10.325,10.325,10.325,90.0,90.0,90.0,mp-22398,-2.648772015416667,0.0,,,
1000229,data/raw/cif/1/00/02/1000229.cif,InAg(PS3)2,20,4,428.8378321560657,3.694247433913145,6.182,6.182,12.957,90.0,90.0,120.0,mp-22661,-0.42632283578273805,0.0,,,
1000230,data/raw/cif/1/00/02/1000230.cif,MnFeH4O2F5,52,5,530.6577549,3.0266413864478685,7.475,10.766,6.594,90.0,90.0,90.0,mp-504945,-2.089966180610081,0.000495924935886,,,
1000231,data/raw/cif/1/00/02/1000231.cif,ZnFeH4O2F5,52,5,522.415152028,3.2075264968494848,7.451,10.747,6.524,90.0,90.0,90.0,mp-763244,-2.002051572692308,0.004053153589741,,,
1000232,data/raw/cif/1/00/02/1000232.cif,NaCu3F7,44,3,530.7053697917906,4.338153899941445,12.124,7.344,6.924,90.0,120.59,90.0,mp-29343,-2.036233973636364,0.005178703409083001,,,
1000233,data/raw/cif/1/00/02/1000233.cif,BaYFeCuO5,9,5,114.485442984,6.173361709145088,3.867,3.867,7.656,90.0,90.0,90.0,mp-505589,-2.463047101666666,0.010360387458336002,,,
1000234,data/raw/cif/1/00/02/1000234.cif,Ba2Y1Cu2.5Pd0.5O7,13,5,174.068331613,6.559708757653066,3.841,3.883,11.671,90.0,90.0,90.0,,,,,,
1000235,data/raw/cif/1/00/02/1000235.cif,FeH10N2OF5,76,5,678.7229034299999,2.0054898269172177,10.491,8.09,7.997,90.0,90.0,90.0,mp-24619,-1.443161746578947,0.0,,,
1000236,data/raw/cif/1/00/02/1000236.cif,Na2Ca3Al2F14,84,4,1079.0984445929998,2.992417039341658,10.257,10.257,10.257,90.0,90.0,90.0,mp-555730,-3.878097448940887,0.008264570396827,,,
1000237,data/raw/cif/1/00/02/1000237.cif,Na2CrNiF7,44,4,544.476686688,3.533581558245828,7.183,10.224,7.414,90.0,90.0,90.0,mp-558356,-2.865084767068966,0.0,,,
1000238,data/raw/cif/1/00/02/1000238.cif,AlF3,48,2,593.447939508,2.819725107801017,6.931,12.002,7.134,90.0,90.0,90.0,mp-468,-3.86576940625,0.0,,,
1000239,data/raw/cif/1/00/02/1000239.cif,LiFe2F6,18,4,204.130714284,3.7846039603016632,4.679,4.679,9.324,90.0,90.0,90.0,mp-557403,-2.753536442592592,0.0,,,
1000242,data/raw/cif/1/00/02/1000242.cif,BaY2PdO5,18,4,248.106303599,6.713677347235893,6.523,6.523,5.831,90.0,90.0,90.0,mp-9656,-3.026492026666667,0.018598186541664,,,
1000243,data/raw/cif/1/00/02/1000243.cif,NbFeF6,24,3,358.014862943575,3.655934999648567,5.4201,5.420100000000001,14.072,90.0,90.0,120.0,mp-541138,-2.9860387975,0.020374104291666,,,
1000244,data/raw/cif/1/00/02/1000244.cif,NbFeF6,24,3,356.45865532467656,3.671895879867532,5.3942,5.3942,14.1457,90.0,90.0,120.0,mp-541138,-2.9860387975,0.020374104291666,,,
1000245,data/raw/cif/1/00/02/1000245.cif,NbFeF6,32,3,464.6410361280212,3.7559577281049528,7.793,7.7398,7.7435,86.585,87.046,86.138,mp-541138,-2.9860387975,0.020374104291666,,,
1000246,data/raw/cif/1/00/02/1000246.cif,NbFeF6,32,3,461.7924957086599,3.779126137079423,7.7994,7.714300000000001,7.7206,86.483,86.96799999999999,85.687,mp-541138,-2.9860387975,0.020374104291666,,,
1000248,data/raw/cif/1/00/02/1000248.cif,Ba2Ni7F18,27,3,333.84999174301123,5.110586071109644,6.937000000000001,7.229,7.456,94.37,93.16,115.86,mp-560626,-2.7366101596296293,0.054833389629631,,,
1000249,data/raw/cif/1/00/02/1000249.cif,Ba2Ni7F18,27,3,331.9442236365227,5.139927120738663,6.924,7.218,7.437,94.39,93.2,115.82,mp-560626,-2.7366101596296293,0.054833389629631,,,
1000250,data/raw/cif/1/00/02/1000250.cif,La3.8Ni2O7.86,14,3,189.56945490400005,6.753446528352364,3.869,3.869,12.664,90.0,90.0,90.0,,,,,,
1000251,data/raw/cif/1/00/02/1000251.cif,LiVCuO4,28,4,288.055506964,4.275665988027062,5.662,5.809,8.758,90.0,90.0,90.0,mp-505131,-1.960942226904761,0.042682537857147006,,,
1000252,data/raw/cif/1/00/02/1000252.cif,Fe2CuH4(OF4)2,68,5,736.8424417436057,3.2744970634130746,7.541,7.501,13.027,90.0,90.52,90.0,mp-644277,-2.014881557058824,0.017063480196075002,,,
1000254,data/raw/cif/1/00/02/1000254.cif,V2CuO8,22,3,356.1048225645312,2.7365108080124387,5.617,5.595,11.333,90.0,91.04000000000002,90.0,mp-1192382,-1.389107243636363,0.261151525965908,,,
1000255,data/raw/cif/1/00/02/1000255.cif,TlV3O8,24,3,325.10562988282913,4.956533900366913,7.78,8.423,4.993,90.0,96.48,90.0,mp-18996,-2.191476307361112,0.0,,,
1000256,data/raw/cif/1/00/02/1000256.cif,Li2NiF4,56,3,575.5151334319999,3.429340232484781,8.318,8.318,8.318,90.0,90.0,90.0,mp-35759,-2.780159261190476,0.0,,,
1000257,data/raw/cif/1/00/02/1000257.cif,Na2FeNiF7,44,4,555.5712805461,3.5090326705669352,7.2338,10.305,7.4529,90.0,90.0,90.0,mp-561395,-2.708318773887147,0.0,,,
1000258,data/raw/cif/1/00/02/1000258.cif,Na2FeNiF7,44,4,548.7561971850001,3.552611859812381,7.203,10.255,7.429,90.0,90.0,90.0,mp-561395,-2.708318773887147,0.0,,,
1000259,data/raw/cif/1/00/02/1000259.cif,Na2FeNiF7,44,4,548.8097082720001,3.5522654663003093,7.203,10.256,7.429,90.0,90.0,90.0,mp-561395,-2.708318773887147,0.0,,,
1000260,data/raw/cif/1/00/02/1000260.cif,LiCoF4,12,3,127.85503491740168,3.685064692620412,5.4354,4.6527,5.5392,90.0,114.117,90.0,mp-554689,-2.526201368055556,0.0,,,
1000269,data/raw/cif/1/00/02/1000269.cif,CsBaCr3F12,136,4,2109.766266037563,4.119232797035929,17.184,9.886,15.037,90.0,124.32,90.0,mp-557433,-3.2892202838032443,0.0,,,
1000270,data/raw/cif/1/00/02/1000270.cif,Tl4Mo5O17,52,3,842.4633219646407,6.18604046350926,7.703,10.702999999999998,12.216,97.68,118.76000000000002,99.81,mp-554919,-1.8054557649359,0.0,,,
1000271,data/raw/cif/1/00/02/1000271.cif,Mo5N4O17,52,3,876.8550191108038,3.0592171834184168,7.750000000000001,11.038,12.421,98.52,119.87,99.18,mp-1180972,-0.9228936361538451,0.6367177161057751,,,
1000272,data/raw/cif/1/00/02/1000272.cif,KGaF4,48,3,698.85946356,3.5130654928546434,12.211,7.496,7.635,90.0,90.0,90.0,mp-15408,-3.047392630166667,0.0,,,
1000273,data/raw/cif/1/00/02/1000273.cif,Rb0.28Al4H14.88N3.72F16,56,5,329.421547106445,2.535179197317565,5.0881,5.0881,12.7245,90.0,90.0,90.0,,,,,,
1000274,data/raw/cif/1/00/02/1000274.cif,Rb0.4Al4H14.4N3.6F16,56,5,329.400823271473,2.5761287763645244,5.0893,5.0893,12.7177,90.0,90.0,90.0,,,,,,
1000275,data/raw/cif/1/00/02/1000275.cif,Rb0.12Al4H15.52N3.88F16,40,5,325.0001250092509,2.5145455091604267,5.0569,5.0569,12.7091,90.0,90.0,90.0,,,,,,
1000276,data/raw/cif/1/00/02/1000276.cif,Rb0.28Al4H14.88N3.72F16,56,5,324.90355031272304,2.5704325254943945,5.0579,5.0579,12.7003,90.0,90.0,90.0,,,,,,
1000277,data/raw/cif/1/00/02/1000277.cif,Rb0.4Al4H14.4N3.6F16,56,5,325.10683171999995,2.6101541308693563,5.06,5.06,12.6977,90.0,90.0,90.0,,,,,,
1000278,data/raw/cif/1/00/02/1000278.cif,Ba7Fe6CuF34,96,4,1432.80295781495,4.649339185428249,16.892,11.331,7.646,90.0,101.75,90.0,mp-553974,-3.299934332291667,0.0015561132291650002,,,
1000361,data/raw/cif/1/00/03/1000361.cif,Ba3ScCO3F7,60,5,925.967992736,4.662112993675088,11.519,13.456,5.974,90.0,90.0,90.0,mp-560519,-3.715831228,0.0,,,
1000300,data/raw/cif/1/00/03/1000300.cif,CaAlF5,28,3,366.4301426035834,2.937454169905845,8.712,6.317,7.349,90.0,115.04000000000003,90.0,mp-8836,-4.010018601428571,0.008530122142859,,,
1000362,data/raw/cif/1/00/03/1000362.cif,Na2EuC(OF)3,80,5,1001.31013336,4.17838874898211,6.596,10.774,14.09,90.0,90.0,90.0,mp-556836,-2.836207078775864,0.0,,,
1000301,data/raw/cif/1/00/03/1000301.cif,PrNiO3,20,3,221.79422403411,7.414949236857659,5.4145,5.3753,7.6206,90.0,90.0,90.0,mp-22280,-2.406667594333332,0.0,,,
1000363,data/raw/cif/1/00/03/1000363.cif,AlFeF5,14,3,163.93020963857998,3.602443475710568,7.4289,6.203,3.5574,90.0,90.0,90.0,mp-28901,-3.310668462142857,0.010200512857146,,,
1000302,data/raw/cif/1/00/03/1000302.cif,PrNiO3,20,3,221.79858978784,7.414803285333262,5.4154,5.3755,7.6192,90.0,90.0,90.0,mp-22280,-2.406667594333332,0.0,,,
1000303,data/raw/cif/1/00/03/1000303.cif,NdNiO3,20,3,220.89005447872,7.545564647318895,5.3888,5.3845,7.6127,90.0,90.0,90.0,mp-22106,-2.425266711,0.0,,,
1000366,data/raw/cif/1/00/03/1000366.cif,Li3ThF7,48,3,501.967510891091,5.105659554149117,6.21785,6.21785,12.9836,90.0,90.0,90.0,mp-27761,-3.555880871931816,0.209163741590908,,,
1000304,data/raw/cif/1/00/03/1000304.cif,SmNiO3,20,3,219.24635479335,7.787481345917326,5.3283,5.4374,7.5675,90.0,90.0,90.0,mp-22495,-2.4529482349999983,0.0,,,
1000365,data/raw/cif/1/00/03/1000365.cif,Li3ThF7,48,3,499.8343183636479,5.127449484148792,6.2096,6.2096,12.9628,90.0,90.0,90.0,mp-27761,-3.555880871931816,0.209163741590908,,,
1000305,data/raw/cif/1/00/03/1000305.cif,NaSrCrF6,36,4,495.2299701030896,3.70978309930392,5.5676,9.2937,9.5858,90.0,93.201,90.0,mp-17259,-3.460536837375479,0.0,,,
1000367,data/raw/cif/1/00/03/1000367.cif,Li3ThF7,48,3,505.177754563953,5.073214714424053,6.2301,6.2301,13.0153,90.0,90.0,90.0,mp-27761,-3.555880871931816,0.209163741590908,,,
1000306,data/raw/cif/1/00/03/1000306.cif,NaSrFeF6,36,4,522.488879862757,3.5651682560899403,5.4053,9.3103,10.3823,90.0,90.0,90.0,mp-556802,-3.287027767097701,0.0,,,
1000368,data/raw/cif/1/00/03/1000368.cif,Li3ThF7,48,3,509.8029854072991,5.027187543450694,6.24774,6.24774,13.0604,90.0,90.0,90.0,mp-27761,-3.555880871931816,0.209163741590908,,,
1000307,data/raw/cif/1/00/03/1000307.cif,LaNiO3,30,3,337.4315705127685,7.251666392582217,5.4535,5.4535,13.101,90.0,90.0,120.0,mp-2764171,-2.472384724499998,0.0,,,
1000379,data/raw/cif/1/00/03/1000379.cif,CaTl2O4,28,3,384.093713619,8.86861179025304,3.3255,11.022,10.479,90.0,90.0,90.0,mp-5402,-1.72750916166667,0.009395390238092001,,,
1000308,data/raw/cif/1/00/03/1000308.cif,LaNiO3,30,3,337.441872980382,7.251444991315403,5.4535,5.4535,13.1014,90.0,90.0,120.0,mp-2764171,-2.472384724499998,0.0,,,
1000380,data/raw/cif/1/00/03/1000380.cif,Ca7.52Tl8.48O20,36,3,503.5890084971001,7.763898343826875,3.3431,11.159,13.499,90.0,90.0,90.0,,,,,,
1000309,data/raw/cif/1/00/03/1000309.cif,LaNiO3,30,3,337.57788247979937,7.248523397649147,5.4536,5.4536,13.1062,90.0,90.0,120.0,mp-2764171,-2.472384724499998,0.0,,,
1000381,data/raw/cif/1/00/03/1000381.cif,Nb16Tl16O48.56,104,4,1219.179044360789,7.536794657725574,10.6829,10.6829,10.6829,90.0,90.0,90.0,,,,,,
1000310,data/raw/cif/1/00/03/1000310.cif,LaNiO3,30,3,339.067780936988,7.216672645574712,5.4573,5.4573,13.1462,90.0,90.0,120.0,mp-2764171,-2.472384724499998,0.0,,,
1000382,data/raw/cif/1/00/03/1000382.cif,Nb16Tl16O50.168,104,4,1205.161579266632,7.659904708415922,10.6418,10.6418,10.6418,90.0,90.0,90.0,,,,,,
1000311,data/raw/cif/1/00/03/1000311.cif,PrNiO3,20,3,222.25325595528,7.399634732784623,5.4155,5.3884,7.6164,90.0,90.0,90.0,mp-22280,-2.406667594333332,0.0,,,
1000383,data/raw/cif/1/00/03/1000383.cif,Nb16Tl16O51.44,104,4,1204.5161814391993,7.69206509800746,10.6399,10.6399,10.6399,90.0,90.0,90.0,,,,,,
1000312,data/raw/cif/1/00/03/1000312.cif,PrNiO3,20,3,222.115654169148,7.4042188444257615,5.4133,5.3828,7.6227,90.0,90.0,90.0,mp-22280,-2.406667594333332,0.0,,,
1000384,data/raw/cif/1/00/03/1000384.cif,Nb16Tl16O51.92,104,4,1204.4482582327728,7.703086685235317,10.6397,10.6397,10.6397,90.0,90.0,90.0,,,,,,
1000313,data/raw/cif/1/00/03/1000313.cif,PrNiO3,20,3,221.587470333435,7.421867805821558,5.4115,5.3763,7.6163,90.0,90.0,90.0,mp-22280,-2.406667594333332,0.0,,,
1000385,data/raw/cif/1/00/03/1000385.cif,Nb16Tl16O52.704,88,4,1203.5315448530002,7.726260605114802,10.637,10.637,10.637,90.0,90.0,90.0,,,,,,
1000314,data/raw/cif/1/00/03/1000314.cif,PrNiO3,20,3,222.35526975495893,7.39623987348509,5.4193,5.3801,7.6263,90.0,90.0,90.0,mp-22280,-2.406667594333332,0.0,,,
1000386,data/raw/cif/1/00/03/1000386.cif,Nb16Tl16O53.184,88,4,1201.5977888062969,7.749307555796288,10.6313,10.6313,10.6313,90.0,90.0,90.0,,,,,,
1000315,data/raw/cif/1/00/03/1000315.cif,NdNiO3,20,3,220.516434218624,7.55834907237135,5.3824,5.3861,7.6066,90.0,90.0,90.0,mp-22106,-2.425266711,0.0,,,
1000387,data/raw/cif/1/00/03/1000387.cif,Nb2Tl2O7,88,4,1198.447161848,7.832106049626307,10.622,10.622,10.622,90.0,90.0,90.0,mp-33658,-2.302056036969698,0.028540367678566003,,,
1000316,data/raw/cif/1/00/03/1000316.cif,NdNiO3,20,3,220.60858550850404,7.555191844311629,5.3836,5.3863,7.6078,90.0,90.0,90.0,mp-22106,-2.425266711,0.0,,,
1000388,data/raw/cif/1/00/03/1000388.cif,Ca11.2Tl8.8O24,44,3,619.0465518850078,7.058590389414449,11.248,16.51299,3.3329,90.0,90.0,90.0,,,,,,
1000317,data/raw/cif/1/00/03/1000317.cif,NdNiO3,20,3,220.456285444654,7.560411274540016,5.3879,5.3797,7.6058,90.0,90.0,90.0,mp-22106,-2.425266711,0.0,,,
1000389,data/raw/cif/1/00/03/1000389.cif,Ba2Zn2ClF7,24,4,382.14204799867065,4.987707211386113,7.7,5.801,8.939,90.0,106.84999999999998,90.0,mp-555271,-3.256032589583333,0.003047569791666,,,
1000318,data/raw/cif/1/00/03/1000318.cif,NdNiO3,20,3,220.707972259656,7.551789674629908,5.3891,5.3816,7.6101,90.0,90.0,90.0,mp-22106,-2.425266711,0.0,,,
1000390,data/raw/cif/1/00/03/1000390.cif,Ba2Co2ClF7,24,4,380.7554909715387,4.892902095784238,7.692,5.783,8.945,90.0,106.88,90.0,mp-556007,-3.097569244999999,0.014363590416665002,,,
1000319,data/raw/cif/1/00/03/1000319.cif,Ba3Ta2(OF6)2,38,4,637.600554010855,5.385061008484922,5.5063,5.5063,21.0295,90.0,90.0,90.0,,,,,,
1000391,data/raw/cif/1/00/03/1000391.cif,Ba2MnNiClF7,24,5,388.3984829686746,4.76040674095698,7.766,5.844,8.932,90.0,106.64,90.0,mp-554990,-3.26425919691092,0.069741604791658,,,
1000320,data/raw/cif/1/00/03/1000320.cif,Ba2CeC3O9F,32,5,433.6804972023552,4.700376225125983,13.365,5.097,6.638,90.0,106.45,90.0,mp-6850,-2.818670645624999,0.0,,,
1000392,data/raw/cif/1/00/03/1000392.cif,Ca4Tl2CO9,50,4,415.9967795755738,5.7886512747685686,4.77944,4.77944,18.21109,90.0,90.0,90.0,mp-1227293,-2.411610125416667,0.020161424999998002,,,
1000321,data/raw/cif/1/00/03/1000321.cif,BaCuCO3F2,48,5,400.271875548,4.95962668539728,4.889,8.539,9.588,90.0,90.0,90.0,mp-556030,-2.449935235624999,0.009935448124993002,,,
1000393,data/raw/cif/1/00/03/1000393.cif,Ba3TaOF9,64,4,934.6352407753018,5.542600832736468,5.9422,26.39499,5.959,90.0,90.0,90.0,mp-1228505,-3.722990939809524,0.24246322010714302,,,
1000322,data/raw/cif/1/00/03/1000322.cif,Ga4P3H2(O8F)2,216,5,3421.96184655,2.592513246990521,13.455,13.455,18.902,90.0,90.0,90.0,,,,,,
1000394,data/raw/cif/1/00/03/1000394.cif,BaCuCO3F2,32,5,399.4504356372,4.969825786308397,4.8866,8.531,9.582,90.0,90.0,90.0,mp-556030,-2.449935235624999,0.009935448124993002,,,
1000323,data/raw/cif/1/00/03/1000323.cif,Ba10FeCu12F47,166,4,1995.913275961128,5.13257315035275,15.447,11.638,11.809,90.0,109.92,90.0,,,,,,
1000395,data/raw/cif/1/00/03/1000395.cif,KGdCO3F2,128,5,1712.77400704914,4.566032185996892,7.006,11.181,21.86499,90.0,90.0,90.0,mp-554005,-3.112064615906249,0.0,,,
1000324,data/raw/cif/1/00/03/1000324.cif,Ba4Nb2(OF4)3,252,4,4053.620449608964,4.970284925365319,22.672,13.075,14.996,90.0,114.234,90.0,mp-558153,-3.799329723650793,0.0,,,
1000396,data/raw/cif/1/00/03/1000396.cif,Zr(WO4)2,44,3,767.216826439336,5.081061924258784,9.1546,9.1546,9.1546,90.0,90.0,90.0,mp-556713,-2.573634890757575,0.059795847196966005,,,
1000325,data/raw/cif/1/00/03/1000325.cif,K2FeF5,64,3,969.458209059858,3.1384067010611147,7.3591,23.0897,5.7054,90.0,90.0,90.0,mp-1205367,-2.90476089446875,0.0,,,
1000397,data/raw/cif/1/00/03/1000397.cif,Ba5Cu4ClF17,81,4,1276.7996851827677,5.069190255593575,10.731,10.731,12.803,90.0,90.0,120.0,mp-559141,-3.08755935462963,0.0,,,
1000326,data/raw/cif/1/00/03/1000326.cif,Li4ZnIn2F12,40,4,423.2667319339201,4.321662802311241,4.7496,17.606,5.0617,90.0,90.0,90.0,mp-1222552,-2.92274580377193,0.006018624210524,,,
1000398,data/raw/cif/1/00/03/1000398.cif,Na2Sr7Al6F34,98,4,1238.2211372003417,3.935108615513583,16.07199,10.822,7.258,90.0,101.23,90.0,mp-555865,-3.9737082610767063,0.001179375102037,,,
1000327,data/raw/cif/1/00/03/1000327.cif,TaBi(P2O7)2,40,4,562.1284102770001,4.359041426042385,8.253,8.253,8.253,90.0,90.0,90.0,mp-1218131,-2.705841241545221,0.0,,,
1000399,data/raw/cif/1/00/03/1000399.cif,Ba7Ga6(O9F8)2,94,4,1426.3973495348237,4.590450627663754,16.90799,11.406,7.542,90.0,101.28,90.0,,,,,,
1000328,data/raw/cif/1/00/03/1000328.cif,Ta3.596P7.608O28,40,3,533.214439029,4.15534649899839,8.109,8.109,8.109,90.0,90.0,90.0,,,,,,
1000329,data/raw/cif/1/00/03/1000329.cif,Ba3AlF9,52,3,833.5883284800001,4.860158077456368,10.063,5.567,14.88,90.0,90.0,90.0,mp-556863,-4.097918263846154,0.005861223750003,,,
1000330,data/raw/cif/1/00/03/1000330.cif,Ba2YC2(O2F)3,56,5,776.579752836,4.623568150910428,9.458,6.966,11.787,90.0,90.0,90.0,mp-8985,-3.195229471071428,0.0,,,
1000331,data/raw/cif/1/00/03/1000331.cif,Ba2GdC2(O2F)3,56,5,787.552654896,5.1355574913489885,9.513,6.978,11.864,90.0,90.0,90.0,mp-8986,-3.189398846071429,0.0,,,
1000332,data/raw/cif/1/00/03/1000332.cif,BaTiOF4,28,4,392.54771632901,4.690180021486601,5.1719,13.7555,5.5178,90.0,90.0,90.0,mp-16915,-3.928887087261905,0.0,,,
1000333,data/raw/cif/1/00/03/1000333.cif,Li2P2PdO7,48,4,548.24811824124,3.5648520448475285,12.5858,7.4955,5.8116,90.0,90.0,90.0,mp-616572,-2.376041610079364,0.007868868611109001,,,
1000334,data/raw/cif/1/00/03/1000334.cif,Li2TiTeO6,20,4,209.35042356682305,4.526641759436067,5.0743,4.9067,8.4083,90.0,90.0,90.0,mp-756117,-2.418253728166667,0.0,,,
1000337,data/raw/cif/1/00/03/1000337.cif,Na2P2PdO7,48,4,622.0676418888222,3.484541144102272,14.693,5.8551,7.922,90.0,114.11,90.0,mp-8989,-2.338201858503694,0.0,,,
1000338,data/raw/cif/1/00/03/1000338.cif,Ba3Na2Cr4F20,58,4,815.0725978408378,4.261655729914382,7.262,20.668,5.431,90.0,90.76,90.0,mp-558077,-3.443819873026159,0.0,,,
1000339,data/raw/cif/1/00/03/1000339.cif,KNbSi2O7,44,4,621.5464018137599,3.2077828362355656,8.7404,8.7404,8.136,90.0,90.0,90.0,mp-560407,-3.111411346113635,0.0,,,
1000340,data/raw/cif/1/00/03/1000340.cif,Na3Sr4Cr5F26,304,4,4059.443602556192,3.839850562886532,19.959,7.45,29.291,90.0,111.244,90.0,mp-1201930,-3.424163031490471,0.00859082822368,,,
1000341,data/raw/cif/1/00/03/1000341.cif,Ba2TiOF6,40,4,619.4460691492706,4.852153766493744,11.446,9.304,7.252,90.0,126.67000000000002,90.0,mp-561256,-3.988466961833334,0.010474552249999,,,
1000343,data/raw/cif/1/00/03/1000343.cif,Na3La2C4O12F,56,5,515.3950149372284,3.903717355446093,5.083,5.083,23.034,90.0,90.0,120.0,,,,,,
1000344,data/raw/cif/1/00/03/1000344.cif,CrH12Pd(NO)4,88,5,818.70658327081,2.357113151242676,7.3177,7.3177,15.289,90.0,90.0,90.0,mp-746364,-0.7963734938636361,0.09402682071970601,,,
1000345,data/raw/cif/1/00/03/1000345.cif,Ba3V2(OF2)4,68,4,988.626691845,4.903539422155077,9.945,10.277,9.673,90.0,90.0,90.0,,,,,,
1000346,data/raw/cif/1/00/03/1000346.cif,V6Fe4(CuO8)3,37,4,461.85532575744486,3.968035353515885,6.6000000000000005,8.047999999999998,9.759,106.08,103.72,102.28,mp-558156,-1.927963268378378,0.021599303648599,,,
1000347,data/raw/cif/1/00/03/1000347.cif,Nd4Ni3O8,30,3,388.30231767987,7.5354017758929,3.9171,3.9171,25.307,90.0,90.0,90.0,mp-18738,-2.6038627373333343,0.24199157033333102,,,
1000348,data/raw/cif/1/00/03/1000348.cif,MnAlF5,28,3,336.7875179526,3.4890678213588333,3.5837,9.854,9.537,90.0,90.0,90.0,mp-28850,-3.4731950239901472,0.008984996071429,,,
1000349,data/raw/cif/1/00/03/1000349.cif,Ga8P8H35.44N7.44O36.56F4,100,6,932.7744148860002,2.8598033796804097,9.593,9.742,9.981,90.0,90.0,90.0,,,,,,
1000350,data/raw/cif/1/00/03/1000350.cif,Al8P8H33.64N7.04O35.56F5.4,100,6,894.419051064,2.3535313967578864,9.416,9.563,9.933,90.0,90.0,90.0,,,,,,
1000351,data/raw/cif/1/00/03/1000351.cif,Fe4.848P4H0.92O18.2F1.8,48,5,350.43508224,3.416203447051435,5.184,5.184,13.04,90.0,90.0,90.0,,,,,,
1000352,data/raw/cif/1/00/03/1000352.cif,Ba3Nb2(OF3)4,84,4,1368.513217136,4.318559673027129,22.633,7.804,7.748,90.0,90.0,90.0,mp-733796,-3.214557804999999,0.155746334444426,,,
1000354,data/raw/cif/1/00/03/1000354.cif,V18Fe2.7Cu18O57,96,4,1033.5457319318418,5.018385400419707,12.9399,12.9399,7.1275,90.0,90.0,120.0,,,,,,
1000355,data/raw/cif/1/00/03/1000355.cif,CrCu(PS3)2,40,4,781.0294410095411,3.1455898290109983,5.934999999999999,10.282,13.368,90.0,106.78,90.0,mp-572465,-0.655135611678569,0.0,,,
1000356,data/raw/cif/1/00/03/1000356.cif,MoH12Pd(NO)4,88,5,866.16195116706,2.5649548593146827,7.4618,7.4618,15.5565,90.0,90.0,90.0,mp-728329,-0.8478846106818181,0.003993394803033,,,
1000357,data/raw/cif/1/00/03/1000357.cif,Sr2Ca0.5Pr1.1Cu2Hg0.4O7,13,6,177.72628103436,6.256243992911977,3.8463,3.8018,12.154,90.0,90.0,90.0,,,,,,
1000358,data/raw/cif/1/00/03/1000358.cif,BaVOF4,112,4,1612.5826959,4.6175387366094585,7.92,27.60799,7.375,90.0,90.0,90.0,mp-556379,-3.449738876785715,0.0,,,
1000359,data/raw/cif/1/00/03/1000359.cif,FePH4NO4F,96,6,894.17202336,2.790851080265916,12.993,6.468,10.64,90.0,90.0,90.0,mp-541423,-1.551726947157738,0.17227052968752601,,,
1000360,data/raw/cif/1/00/03/1000360.cif,Na7Sr2Fe7F32,384,4,5040.884310799999,3.5182291594057054,10.372,10.805,44.98,90.0,90.0,90.0,mp-581085,-2.9620533448886492,0.013906868177083,,,
1000369,data/raw/cif/1/00/03/1000369.cif,Ba3SrTl2Cu2HgO10,38,6,612.1773167392179,7.573573460916882,3.8289,3.8289,41.75699,90.0,90.0,90.0,mp-1228298,-1.867928634166668,0.020064754263157,,,
1000370,data/raw/cif/1/00/03/1000370.cif,Cs3Ga2F9,84,3,1530.8435547982967,4.615368814992778,10.945,10.945000000000002,14.756,90.0,90.0,120.0,mp-556103,-3.05401067385468,0.0,,,
1000371,data/raw/cif/1/00/03/1000371.cif,Mo7Pd3(N5O8)3,196,4,3550.896004286656,2.96469590460982,10.657999999999998,20.62799,17.55099,90.0,113.03799999999998,90.0,,,,,,
1000372,data/raw/cif/1/00/03/1000372.cif,KCuCO3F,14,5,180.19847868,3.347859385441436,3.972,5.038,9.005,90.0,90.0,90.0,mp-555901,-1.890473808178571,0.0,,,
1000373,data/raw/cif/1/00/03/1000373.cif,NaV(OF)2,12,4,155.56904997654567,3.0725417449070225,6.398999999999999,3.59,7.22,90.0,110.29000000000002,90.0,mp-18953,-2.696898790229884,0.0,,,
1000375,data/raw/cif/1/00/03/1000375.cif,Ba7Fe6(OF16)2,94,4,1462.1440158717694,4.398079660887296,17.02299,11.482,7.624,90.0,101.13,90.0,mp-821363,-3.144099555106383,0.110000982234041,,,
1000376,data/raw/cif/1/00/03/1000376.cif,Fe3Pb8F24,70,4,1022.7490098793088,7.407193974711289,20.118,5.597,9.44,89.75,105.79000000000002,89.38,mp-735822,-2.664217306571427,0.0038943507142980005,,,
1000377,data/raw/cif/1/00/03/1000377.cif,Ga2P2H9NO11,100,5,897.3967652580807,2.9640753943617657,9.689,9.703,9.788,90.0,102.78000000000002,90.0,mp-705497,-1.7196093351214272,0.07593068638094201,,,
1000378,data/raw/cif/1/00/03/1000378.cif,In4Cu3.9P8S24,44,4,838.493469984526,3.415076186125081,6.095599999999999,10.5645,13.623,90.0,107.101,90.0,,,,,,
1000461,data/raw/cif/1/00/04/1000461.cif,Cs4Cr5F18.24,28,3,479.43110927880696,3.941994121188835,7.2,7.2,10.679,90.0,90.0,120.0,,,,,,
1000400,data/raw/cif/1/00/04/1000400.cif,Na7.84Sr24.16Zn4Fe24F136,196,5,2630.7171039420264,4.092042231376486,16.16699,11.013,15.09,90.0,101.72,90.0,,,,,,
1000462,data/raw/cif/1/00/04/1000462.cif,Cs4Cr4.001Co0.999F18.24,28,4,483.5151569537298,3.93249805078829,7.203,7.203,10.761,90.0,90.0,120.0,,,,,,
1000401,data/raw/cif/1/00/04/1000401.cif,Nb8H8.16O24,80,3,446.81986112499993,4.219772285152552,7.645,7.645,7.645,90.0,90.0,90.0,,,,,,
1000463,data/raw/cif/1/00/04/1000463.cif,La4C1.998O9.998,24,3,229.53222769018888,5.350462498872295,4.0755,4.0755,15.957,90.0,90.0,120.0,,,,,,
1000402,data/raw/cif/1/00/04/1000402.cif,Fe2O2F5,36,4,540.243337448,2.9345207427595863,7.477,10.862,6.652,90.0,90.0,90.0,mp-1190371,-1.949788103333332,0.17032925558642,,,
1000464,data/raw/cif/1/00/04/1000464.cif,La4C1.692O9.692,24,3,234.44316719009893,5.177676791706831,4.0852,4.0852,16.2211,90.0,90.0,120.0,,,,,,
1000403,data/raw/cif/1/00/04/1000403.cif,Ba2V2CuF12,17,4,232.9985355759212,4.761172002449702,5.365,6.95,7.433,65.05000000000001,70.26,73.19000000000001,mp-1228885,-3.326447592352941,0.0,,,
1000466,data/raw/cif/1/00/04/1000466.cif,FeSnH12(OF)6,78,5,845.0131067103804,2.338300060109375,9.826,9.826,10.106,90.0,90.0,120.0,mp-505108,-1.741567922211538,0.0,,,
1000404,data/raw/cif/1/00/04/1000404.cif,Fe2H4O2F5,52,5,539.406429696,2.98872013960499,7.472,10.928,6.606,90.0,90.0,90.0,mp-758075,-1.995273671923077,0.00832864012821,,,
1000465,data/raw/cif/1/00/04/1000465.cif,Li1.04La4C1.482O11.606,54,4,231.34289672446903,5.500579223718468,4.058,4.058,16.22189,90.0,90.0,120.0,,,,,,
1000405,data/raw/cif/1/00/04/1000405.cif,Fe2H4O2F5,52,5,538.8140633260001,2.9920059062925093,7.469,10.927,6.602,90.0,90.0,90.0,mp-758075,-1.995273671923077,0.00832864012821,,,
1000467,data/raw/cif/1/00/04/1000467.cif,AlF3,24,2,262.02898431331226,3.193081978294858,4.9305,4.9305,12.4462,90.0,90.0,120.0,mp-468,-3.86576940625,0.0,,,
1000406,data/raw/cif/1/00/04/1000406.cif,Fe2H4O2F5,52,5,539.1158012999999,2.9903313091128627,7.47,10.93,6.603,90.0,90.0,90.0,mp-758075,-1.995273671923077,0.00832864012821,,,
1000468,data/raw/cif/1/00/04/1000468.cif,VF3,24,2,310.82094636914496,3.4598657269759485,5.168,5.168,13.438,90.0,90.0,120.0,mp-559931,-3.238528048750001,0.0,,,
1000407,data/raw/cif/1/00/04/1000407.cif,AlTlF4,24,3,338.59283942268,6.029433080542129,5.1418,5.1418,12.807,90.0,90.0,90.0,mp-3751,-3.2540289300000023,0.0,,,
1000479,data/raw/cif/1/00/04/1000479.cif,K2AlF5,8,3,131.61495127499998,2.525475707167574,5.965,5.965,3.699,90.0,90.0,90.0,mp-9486,-3.50936397743751,0.0,,,
1000408,data/raw/cif/1/00/04/1000408.cif,AlTlF4,24,3,336.8920719518429,6.059872097974516,5.1376,5.1301,12.7822,90.0,90.119,90.0,mp-3751,-3.2540289300000023,0.0,,,
1000480,data/raw/cif/1/00/04/1000480.cif,V4.08P1.92H16N4O16,42,6,420.5480523679999,2.351161988888732,8.629,8.629,5.648,90.0,90.0,90.0,,,,,,
1000409,data/raw/cif/1/00/04/1000409.cif,AlTlF4,24,3,330.3274739612332,6.1802999380226735,5.1138,5.0912,12.6878,90.0,90.289,90.0,mp-3751,-3.2540289300000023,0.0,,,
1000481,data/raw/cif/1/00/04/1000481.cif,BaFeOF5,64,4,1016.019464094,3.97689417144818,10.314,7.317,13.463,90.0,90.0,90.0,mp-1196275,-2.6211192884375,0.305037372499999,,,
1000410,data/raw/cif/1/00/04/1000410.cif,AlTlF4,24,3,326.9837070375543,6.243500281239778,5.101,5.0745,12.6324,90.0,90.355,90.0,mp-3751,-3.2540289300000023,0.0,,,
1000482,data/raw/cif/1/00/04/1000482.cif,La2Pd2O5,18,3,252.95707667,7.49204735793894,6.703,6.703,5.63,90.0,90.0,90.0,mp-560340,-2.572202741111114,0.0,,,
1000411,data/raw/cif/1/00/04/1000411.cif,Ba2Cu5F14,84,3,1111.263970636493,5.130529142005549,18.17,6.652,10.328,90.0,117.1,90.0,mp-29457,-2.496611849761905,0.0012608572222260002,,,
1000483,data/raw/cif/1/00/04/1000483.cif,La2PdO4,14,3,207.5109755,7.173606125474273,4.055,4.055,12.62,90.0,90.0,90.0,mp-8672,-2.98257549,0.055243743392852006,,,
1000412,data/raw/cif/1/00/04/1000412.cif,AlC2N6O2F5,64,5,1145.20919352306,1.5197838838800688,20.04999,7.291,7.834,90.0,90.0,90.0,,,,,,
1000484,data/raw/cif/1/00/04/1000484.cif,La4PdO7,24,3,372.1409202945391,6.907704787954532,13.469,4.0262,9.448,90.0,133.42,90.0,mp-31031,-3.360691400416667,0.026340202187494003,,,
1000413,data/raw/cif/1/00/04/1000413.cif,FeH18C3(N3F2)3,296,5,2821.151997000001,1.648422034531885,14.13,14.13,14.13,90.0,90.0,90.0,mp-24056,-0.94335115293919,0.013759067038296002,,,
1000485,data/raw/cif/1/00/04/1000485.cif,BaInCuF7,40,4,561.9666146489999,5.303164672845482,6.843,6.843,12.001,90.0,90.0,90.0,mp-1228148,-2.949014915666667,0.0,,,
1000414,data/raw/cif/1/00/04/1000414.cif,La2NiO4,28,3,379.73972286,7.005315256875978,5.468,5.535,12.547,90.0,90.0,90.0,mp-21874,-3.068392679285714,0.048152348928571,,,
1000486,data/raw/cif/1/00/04/1000486.cif,Sr4Ga2P4H(O4F)4,62,6,769.1737686918891,4.08807487406548,8.257,7.205,13.596,90.0,108.02,90.0,,,,,,
1000415,data/raw/cif/1/00/04/1000415.cif,Ba4Pr2.6Cu4.4Hg3O16,30,6,446.33670938128,7.638040068813951,3.9236,3.9236,28.993,90.0,90.0,90.0,,,,,,
1000487,data/raw/cif/1/00/04/1000487.cif,Sr4Fe4P6H(O6F)4,43,6,550.6044336615691,3.68141419708492,8.072,8.794,8.885,102.46,115.95,89.95,,,,,,
1000416,data/raw/cif/1/00/04/1000416.cif,Ca6.12Tl7.88O18,32,3,444.919998969963,8.00115802433305,11.118,3.341,12.287,90.0,102.88,90.0,,,,,,
1000488,data/raw/cif/1/00/04/1000488.cif,SrAl2P2(O4F)2,60,5,684.5263418840001,3.585584303915517,12.026,12.199,4.666,90.0,90.0,90.0,mp-9512,-3.334375912285714,0.013361443444448002,,,
1000417,data/raw/cif/1/00/04/1000417.cif,NaCaAlF6,27,4,349.70010588790933,2.9066271304194222,8.9295,8.9295,5.0642,90.0,90.0,120.0,mp-17944,-3.830305885338441,0.0,,,
1000489,data/raw/cif/1/00/04/1000489.cif,Li2P2H2O7,234,4,2693.810886050936,2.106420045955415,15.7442,15.7442,12.5486,90.0,90.0,120.0,mp-733849,-2.362636286291209,0.027498839294867003,,,
1000418,data/raw/cif/1/00/04/1000418.cif,Na8.064Ca8Al14F66,136,4,1253.0752095410005,2.8327515653044326,10.781,10.781,10.781,90.0,90.0,90.0,,,,,,
1000490,data/raw/cif/1/00/04/1000490.cif,CsCoF4,120,3,2003.053334361552,4.440679871269976,12.4476,12.4476,12.9277,90.0,90.0,90.0,mp-1202342,-2.442887959609196,0.0,,,
1000419,data/raw/cif/1/00/04/1000419.cif,NaAlCdF6,36,4,450.8315603272,4.071833041743824,12.506,3.6406,9.902,90.0,90.0,90.0,mp-555048,-3.236002949597701,0.0,,,
1000491,data/raw/cif/1/00/04/1000491.cif,CsCoF4,120,3,1988.813347140708,4.472475325936275,12.4353,12.4353,12.8612,90.0,90.0,90.0,mp-1202342,-2.442887959609196,0.0,,,
1000420,data/raw/cif/1/00/04/1000420.cif,Cr2F5,28,3,359.7563939803442,3.673831184603981,7.7526,7.5228,7.4477,90.0,124.081,90.0,mp-558380,-2.944371399285714,0.0025899921428580003,,,
1000492,data/raw/cif/1/00/04/1000492.cif,Cs2NaAl3F12,18,4,260.0051240888576,3.8174154849482194,7.31,7.31,7.31,57.45,57.45,57.45,mp-12309,-3.653021051149425,0.0,,,
1000421,data/raw/cif/1/00/04/1000421.cif,BaZnF4,24,3,356.50847169364,5.193048114907962,4.1974,14.546,5.8391,90.0,90.0,90.0,mp-3881,-3.392223955833333,0.0,,,
1000493,data/raw/cif/1/00/04/1000493.cif,Rb8Nb16O39.9984F8.0016,128,4,1154.9810154880004,4.25883155427064,10.492,10.492,10.492,90.0,90.0,90.0,,,,,,
1000422,data/raw/cif/1/00/04/1000422.cif,BaZnF4,24,3,353.33714124384005,5.239657626594475,4.1843,14.496,5.8253,90.0,90.0,90.0,mp-3881,-3.392223955833333,0.0,,,
1000494,data/raw/cif/1/00/04/1000494.cif,Nb16Tl8O39.9984F8.0016,96,4,1159.610634216,5.604105439183653,10.506,10.506,10.506,90.0,90.0,90.0,,,,,,
1000423,data/raw/cif/1/00/04/1000423.cif,Cs2Zr(Si2O5)3,144,4,2210.9176794756195,3.449808928678677,26.60999,7.506,11.602,90.0,107.43,90.0,mp-581877,-3.249186521568485,0.0,,,
1000495,data/raw/cif/1/00/04/1000495.cif,Cs8Nb16O39.9984F8.0016,128,4,1165.9134531250002,4.759398026511265,10.525,10.525,10.525,90.0,90.0,90.0,,,,,,
1000424,data/raw/cif/1/00/04/1000424.cif,Fe7Pb7F34,96,4,1366.5980952554678,6.044489006520917,16.375,11.233,7.615,90.0,102.67,90.0,mp-21679,-2.660195482708332,0.00255852197917,,,
1000496,data/raw/cif/1/00/04/1000496.cif,RbAlF4,12,3,165.026921875,3.792313151175568,5.125,5.125,6.283,90.0,90.0,90.0,mp-13997,-3.637255926416667,0.0,,,
1000425,data/raw/cif/1/00/04/1000425.cif,CsPd2F5,32,3,544.822402742,5.373213589613689,6.473,7.853,10.718,90.0,90.0,90.0,mp-5972,-1.851582921249999,0.0,,,
1000497,data/raw/cif/1/00/04/1000497.cif,Ba2Zn7F18,27,3,342.3353946204378,5.211934725063501,7.032,7.292,7.505,94.23999999999998,92.82,116.39,mp-541827,-2.959749393333333,0.0,,,
1000426,data/raw/cif/1/00/04/1000426.cif,V4Fe1.12Cu4H2Pb2.88O19.6,36,6,427.9919000000001,5.559173014338288,7.525,5.9,9.64,90.0,90.0,90.0,,,,,,
1000498,data/raw/cif/1/00/04/1000498.cif,BaMnFeF7,40,4,550.0401582685062,4.602060769024374,5.5075,10.9584,9.1427,90.0,94.568,90.0,mp-22728,-3.221680834543102,0.009334629250022,,,
1000427,data/raw/cif/1/00/04/1000427.cif,Bi2Te4O11,68,3,1047.152552716037,7.004990018959274,6.990900000000001,7.9593,18.89629,90.0,95.176,90.0,mp-28990,-1.576844434068622,0.0,,,
1000499,data/raw/cif/1/00/04/1000499.cif,RbCrCoF6,128,4,1085.4231239329995,3.798781009687617,10.277,10.277,10.277,90.0,90.0,90.0,mp-1219598,-2.85196198861111,0.0,,,
1000428,data/raw/cif/1/00/04/1000428.cif,Ba0.86Ca2In6O12,24,4,272.39467168646456,6.578631082075586,9.888,9.888,3.217,90.0,90.0,120.0,,,,,,
1000429,data/raw/cif/1/00/04/1000429.cif,Ba0.83Ca2.1In6O12,23,4,272.39467168646456,6.577948260418473,9.888,9.888,3.217,90.0,90.0,120.0,,,,,,
1000430,data/raw/cif/1/00/04/1000430.cif,SrFeP(O2F)2,36,5,436.1421755452143,4.209893945704452,5.207,12.216,7.037,90.0,103.0,90.0,mp-557850,-2.955848483849205,0.021874811944446,,,
1000431,data/raw/cif/1/00/04/1000431.cif,V4Fe2O13,76,3,1113.7924460501283,3.121609200128223,8.3125,9.4055,14.5768,90.0,102.231,90.0,mp-558525,-2.182783057105263,0.0,,,
1000432,data/raw/cif/1/00/04/1000432.cif,LiFeSnO4,20,4,153.366483144,5.316046969494155,3.066,5.066,9.874,90.0,90.0,90.0,mp-756311,-2.013281224404761,0.001434741964287,,,
1000433,data/raw/cif/1/00/04/1000433.cif,Li2.832Fe1.5Sn2.168O8,16,4,155.394376504,5.223117506860439,3.074,5.116,9.881,90.0,90.0,90.0,,,,,,
1000434,data/raw/cif/1/00/04/1000434.cif,Li4.0002Fe4Sn3.9998O16,28,4,306.00587771437137,5.328556917599553,6.012,6.012,9.776,90.0,90.0,120.0,,,,,,
1000436,data/raw/cif/1/00/04/1000436.cif,Li0.42La1.184Ti2O6,10,4,116.588114817044,5.114721015678242,3.8714,3.8714,7.7789,90.0,90.0,90.0,,,,,,
1000437,data/raw/cif/1/00/04/1000437.cif,Li0.66La1.104Ti2O6,10,4,116.255508309179,4.994423447925634,3.8741,3.8741,7.7459,90.0,90.0,90.0,,,,,,
1000438,data/raw/cif/1/00/04/1000438.cif,Li0.48La1.168Ti2O6,10,4,116.520282,5.0919607435943055,3.87,3.87,7.78,90.0,90.0,90.0,,,,,,
1000439,data/raw/cif/1/00/04/1000439.cif,RbFeF4,24,3,367.296669889924,3.9297474544422064,7.6651,7.6316,6.2789,90.0,90.0,90.0,mp-555667,-2.824803344583334,0.0,,,
1000441,data/raw/cif/1/00/04/1000441.cif,Sr2Fe2H2OF10,136,5,1679.68454950296,3.914303833647296,7.848,19.86699,10.773,90.0,90.0,90.0,mp-735131,-2.979767527647059,0.0,,,
1000442,data/raw/cif/1/00/04/1000442.cif,Al2O3,40,2,361.3044236487,3.7488759777202056,4.8437,8.33,8.9547,90.0,90.0,90.0,mp-1143,-3.426551008,0.0,,,
1000443,data/raw/cif/1/00/04/1000443.cif,Yb3(OF5)2,272,3,3599.867065976,5.469669558654571,15.326,15.326,15.326,90.0,90.0,90.0,,,,,,
1000444,data/raw/cif/1/00/04/1000444.cif,KYb3OF10,272,4,3609.035403219,5.625821598271875,15.339,15.339,15.339,90.0,90.0,90.0,,,,,,
1000445,data/raw/cif/1/00/04/1000445.cif,FeN2F5,32,3,532.66947007743,2.23018678519288,6.3385,7.6191,11.0298,90.0,90.0,90.0,mp-1213521,-0.503084851562501,0.9459180017708361,,,
1000447,data/raw/cif/1/00/04/1000447.cif,Ba2Ni2ClF7,24,4,368.919892775454,5.0455576409506095,7.602,5.766,8.788,90.0,106.72,90.0,mp-556292,-3.105863594166667,0.10503710781249401,,,
1000448,data/raw/cif/1/00/04/1000448.cif,Ba2MnNiClF7,24,5,384.358723863032,4.810440460199934,7.746,5.82,8.898,90.0,106.63,90.0,mp-554990,-3.26425919691092,0.069741604791658,,,
1000449,data/raw/cif/1/00/04/1000449.cif,Ba2FeCoClF7,24,5,383.15692103727366,4.835468449429041,7.748999999999999,5.771,8.95,90.0,106.8,90.0,mp-1228629,-3.171922779583333,0.002232457083335,,,
1000450,data/raw/cif/1/00/04/1000450.cif,Na3Eu(CO3)3,64,4,783.3155453759999,3.3999568221166525,9.942,11.024,7.147,90.0,90.0,90.0,mp-555099,-2.258814115258621,0.0,,,
1000453,data/raw/cif/1/00/04/1000453.cif,RbAlF4,6,3,84.409380607156,3.707133979795659,3.6586,3.6586,6.3061,90.0,90.0,90.0,mp-13997,-3.637255926416667,0.0,,,
1000454,data/raw/cif/1/00/04/1000454.cif,RbAlF4,12,3,166.049343,3.7689626156761458,5.1375,5.1375,6.2912,90.0,90.0,90.0,mp-13997,-3.637255926416667,0.0,,,
1000455,data/raw/cif/1/00/04/1000455.cif,RbAlF4,12,3,164.839470304135,3.796625680547861,5.1227,5.1227,6.2815,90.0,90.0,90.0,mp-13997,-3.637255926416667,0.0,,,
1000456,data/raw/cif/1/00/04/1000456.cif,RbAlF4,24,3,327.06860799168004,3.826926527540701,7.2285,7.2252,6.2624,90.0,90.0,90.0,mp-13997,-3.637255926416667,0.0,,,
1000457,data/raw/cif/1/00/04/1000457.cif,RbAlF4,24,3,324.346453672592,3.8590449134759246,7.2124,7.2073,6.2396,90.0,90.0,90.0,mp-13997,-3.637255926416667,0.0,,,
1000458,data/raw/cif/1/00/04/1000458.cif,Ga12P12C9N6.004O50F8,110,6,1483.2036266886907,2.633782835505519,8.674000000000001,10.19,16.82599,90.0,94.21,90.0,,,,,,
1000459,data/raw/cif/1/00/04/1000459.cif,Ca4Al2H22CO20,49,5,433.0247408055055,2.179854366039256,5.7747,8.4689,9.923,64.77,82.75,81.43000000000002,mp-707897,-1.90793294739796,0.013075186445581002,,,
1000460,data/raw/cif/1/00/04/1000460.cif,CrCu(PS3)2,52,4,777.2493322502282,3.1608882296303014,5.916,10.246,13.415,90.0,107.09,90.0,mp-572465,-0.655135611678569,0.0,,,
1000469,data/raw/cif/1/00/04/1000469.cif,Cs8Nb10Si6O41.004,66,4,1034.77642320274,4.520305706567718,7.342,7.342,22.16599,90.0,90.0,120.0,,,,,,
1000470,data/raw/cif/1/00/04/1000470.cif,BaSmC2O6F,66,5,826.7773493886807,5.14206641198492,5.016,5.016,37.94398,90.0,90.0,120.0,mp-15073,-2.90590646818182,0.0,,,
1000471,data/raw/cif/1/00/04/1000471.cif,Ba3La2C5O15F2,108,5,1453.1477984663393,4.698096817910465,21.47198,5.098,13.325,90.0,94.96,90.0,mp-581361,-2.88870309537037,0.0,,,
1000472,data/raw/cif/1/00/04/1000472.cif,Na5V2P3HO15,52,5,648.9016917756442,2.818748494880046,6.3089,20.10379,5.1172,90.0,91.134,90.0,,,,,,
1000473,data/raw/cif/1/00/04/1000473.cif,BaY2F8,26,3,308.77743405480305,5.024206849432825,6.9829,10.519,4.2644,90.0,99.676,90.0,mp-768240,-4.375317280909102,0.0,,,
1000474,data/raw/cif/1/00/04/1000474.cif,K12Gd6C9O27F11.994,78,5,965.6313069371264,3.7498945525406833,9.0268,9.0268,13.684,90.0,90.0,120.0,,,,,,
1000475,data/raw/cif/1/00/04/1000475.cif,Ga12H0.88O0.88F36,56,4,655.49379014,3.8900427158785305,7.21,12.398,7.333,90.0,90.0,90.0,,,,,,
1000476,data/raw/cif/1/00/04/1000476.cif,FeF3,8,2,103.85695770006454,3.608339407111386,5.362,5.362,5.362,57.94,57.94,57.94,mp-22398,-2.648772015416667,0.0,,,
1000477,data/raw/cif/1/00/04/1000477.cif,Ba2CeC3O9F,32,5,433.6804972023552,4.700376225125983,13.365,5.097,6.638,90.0,106.45,90.0,mp-6850,-2.818670645624999,0.0,,,
1000478,data/raw/cif/1/00/04/1000478.cif,K2AlH2OF5,22,5,279.373060351795,2.5937034728141897,6.133,7.475,6.142,90.0,97.17,90.0,mp-24608,-2.897516300181818,0.0038401361363700004,,,
1000500,data/raw/cif/1/00/05/1000500.cif,La7Mo7O30,132,3,1718.1356186180294,6.158104235460103,17.0051,17.0051,6.8607,90.0,90.0,120.0,mp-19436,-2.848765359659092,0.008477008674219001,,,
1000501,data/raw/cif/1/00/05/1000501.cif,La7Mo7O30,132,3,1718.54658436777,6.156631613218072,17.00639,17.00639,6.8613,90.0,90.0,120.0,mp-19436,-2.848765359659092,0.008477008674219001,,,
1000502,data/raw/cif/1/00/05/1000502.cif,Na2Gd2B2O7,52,4,617.5209430550743,5.3145917964767575,10.695,6.32,10.328,90.0,117.8,90.0,mp-583646,-3.130948937199381,0.0,,,
1000503,data/raw/cif/1/00/05/1000503.cif,Li4La4.5Ti5.5Nb2.5O26,44,5,487.762409456,5.325700869991872,3.88,3.88,32.39999,90.0,90.0,90.0,,,,,,
1000504,data/raw/cif/1/00/05/1000504.cif,Na2Gd2MgSi4(O6F)2,46,6,559.2266606802596,4.318123048281909,5.178,7.51,14.381,90.0,90.22,90.0,mp-557538,-3.391383516424289,0.0,,,
1000505,data/raw/cif/1/00/05/1000505.cif,GaP(H2O3)2,96,4,835.16793830708,3.192762172001534,9.926,8.6189,9.7622,90.0,90.0,90.0,mp-541857,-1.913325822574404,0.026510693715277003,,,
1000508,data/raw/cif/1/00/05/1000508.cif,H26C16O5,376,3,3378.4487990311504,1.1732313292112655,13.7805,29.081,8.4303,90.0,90.0,90.0,,,,,,
1000509,data/raw/cif/1/00/05/1000509.cif,SiH34C23O4,496,4,4710.48297005901,1.1353937819857975,28.084,8.3502,20.303,90.0,98.37,90.0,,,,,,
1000510,data/raw/cif/1/00/05/1000510.cif,SiH34C23O4,124,4,1172.5216695203308,1.1403313928822565,9.4586,11.1593,12.4892,89.406,72.021,70.117,,,,,,
1001061,data/raw/cif/1/00/10/1001061.cif,TlSbWO6,96,4,1075.000606784,7.48838994487829,10.244,10.244,10.244,90.0,90.0,90.0,mp-1216623,-1.9324542437037042,0.0,,,
1001000,data/raw/cif/1/00/10/1001000.cif,CaH4(NO4)2,304,4,2468.7991559720003,2.1536258509120523,11.827,16.538,12.622,90.0,90.0,90.0,,,,,,
1001062,data/raw/cif/1/00/10/1001062.cif,SbWO7,72,3,1085.7400049520002,5.109393687285631,10.278,10.278,10.278,90.0,90.0,90.0,mp-1219467,-1.289451520555555,0.36405533958332803,,,
1001001,data/raw/cif/1/00/10/1001001.cif,Rb2Ge4O9,90,3,1246.067059100502,4.841345217843964,12.08,12.08,9.86,90.0,90.0,120.0,mp-557372,-2.152708218,0.0,,,
1001063,data/raw/cif/1/00/10/1001063.cif,SbWNO6,72,4,1077.521123008,5.123798837745043,10.252,10.252,10.252,90.0,90.0,90.0,mp-1219471,-0.9807763705555541,0.7298709816666681,,,
1001002,data/raw/cif/1/00/10/1001002.cif,Rb2Ti(GeO3)3,90,4,1304.8962946833897,4.433932117928807,12.19,12.19,10.14,90.0,90.0,120.0,mp-555252,-2.441583086111111,0.0,,,
1001064,data/raw/cif/1/00/10/1001064.cif,AgSbWO7,88,4,1093.6820881270005,6.382501904591172,10.303,10.303,10.303,90.0,90.0,90.0,mp-1229079,-1.508686119666665,0.08989545812500001,,,
1001066,data/raw/cif/1/00/10/1001066.cif,Ba6Si5.2506Ge18.7494O54,84,4,1135.79358481623,4.674553154856588,11.595,11.595,9.755,90.0,90.0,120.0,,,,,,
1001004,data/raw/cif/1/00/10/1001004.cif,RbNb(BO3)2,100,4,1371.23850204,3.584403752295535,19.64,9.449,7.389,90.0,90.0,90.0,mp-556808,-2.893123393783333,0.0,,,
1001065,data/raw/cif/1/00/10/1001065.cif,Ba2Si3Ge5O18,28,4,373.5059919278806,4.490717824088452,6.667,6.667,9.703,90.0,90.0,120.0,mp-1228626,-2.7052119141071422,0.018465737410713,,,
1001005,data/raw/cif/1/00/10/1001005.cif,Nb33Tl10.74H0.75O90,186,4,2114.453269786292,5.263023212080732,7.51,7.509999999999999,43.29,90.0,90.0,120.0,,,,,,
1001007,data/raw/cif/1/00/10/1001007.cif,K3Nb3(BO6)2,20,4,263.1462579211177,3.846957636250469,8.753,8.753,3.966,90.0,90.0,120.0,mp-558828,-2.877565431004194,0.0,,,
1001079,data/raw/cif/1/00/10/1001079.cif,Sn5W8O23,72,4,948.9153373895134,8.512574908598015,7.667,7.667,18.64,90.0,90.0,120.0,mp-27357,-1.840291658472221,0.141020211319446,,,
1001008,data/raw/cif/1/00/10/1001008.cif,K3Nb3(BO6)2,320,4,3972.799114685535,4.076974353395701,34.01,34.01,3.966,90.0,90.0,120.0,mp-558828,-2.877565431004194,0.0,,,
1001080,data/raw/cif/1/00/10/1001080.cif,Tl2W4O13,120,3,1065.32938752,8.430241837026488,7.327,37.864,3.84,90.0,90.0,90.0,,,,,,
1001009,data/raw/cif/1/00/10/1001009.cif,Nb2PbO6,368,3,4905.110781576001,6.621818355579332,35.292,17.943,7.746,90.0,90.0,90.0,mp-1192336,-2.744779823333332,0.0006277273279660001,,,
1001081,data/raw/cif/1/00/10/1001081.cif,KTiNbO5,32,4,451.1772226290001,3.82574362610062,6.447,3.797,18.431,90.0,90.0,90.0,mp-1223343,-3.107562951322917,0.0011033189062490002,,,
1001010,data/raw/cif/1/00/10/1001010.cif,Nb12.36Tl4O32.888,76,3,759.48463917,5.448611792866117,7.551,13.005,7.734,90.0,90.0,90.0,,,,,,
1001082,data/raw/cif/1/00/10/1001082.cif,K3.4Ti3.4Nb4.6O20,32,4,461.641518,3.751845432987301,6.474,3.8,18.765,90.0,90.0,90.0,,,,,,
1001011,data/raw/cif/1/00/10/1001011.cif,CaH12(BrO3)2,21,4,231.80901838991448,2.2061651162127167,8.164,8.164,4.016,90.0,90.0,120.0,mp-24044,-1.4318097849999991,0.008535872142862,,,
1001083,data/raw/cif/1/00/10/1001083.cif,RbTiNbO5,32,4,467.5929521440001,4.350112292781959,6.472,3.814,18.943,90.0,90.0,90.0,mp-1219566,-3.105198752916667,0.0,,,
1001084,data/raw/cif/1/00/10/1001084.cif,Rb3.4Ti3.4Nb4.6O20,32,4,479.62827967999993,4.15697353777227,6.499,3.812,19.36,90.0,90.0,90.0,,,,,,
1001013,data/raw/cif/1/00/10/1001013.cif,Rb2Ti1.001Nb5.999O18,27,4,402.25475412521575,4.393039034063595,7.529,7.529,8.194,90.0,90.0,120.0,,,,,,
1001085,data/raw/cif/1/00/10/1001085.cif,TiNbTlO5,32,4,463.026024384,6.098873573029404,6.456,3.806,18.844,90.0,90.0,90.0,mp-1216909,-2.863743589895834,0.0,,,
1001014,data/raw/cif/1/00/10/1001014.cif,Rb2Ta5.999Ti1.001O18,27,4,402.2484616798946,6.573431584385777,7.512,7.512,8.231,90.0,90.0,120.0,,,,,,
1001086,data/raw/cif/1/00/10/1001086.cif,Ti3.6Nb4.4Tl3.6O20,32,4,464.085775417,5.856888114004741,6.457,3.799,18.919,90.0,90.0,90.0,,,,,,
1001015,data/raw/cif/1/00/10/1001015.cif,Cs2Ti1.001Nb5.999O18,27,4,402.4365689421506,4.782530052386833,7.533,7.533,8.189,90.0,90.0,120.0,,,,,,
1001087,data/raw/cif/1/00/10/1001087.cif,KTaTiO5,32,4,451.528372986,5.117892747642701,6.437,3.797,18.474,90.0,90.0,90.0,mp-1223394,-3.237144989739583,0.0009614055208340001,,,
1001016,data/raw/cif/1/00/10/1001016.cif,Cs2Ta5.999Ti1.001O18,27,4,402.1600319116508,6.966621914403122,7.513,7.513,8.227,90.0,90.0,120.0,,,,,,
1001088,data/raw/cif/1/00/10/1001088.cif,RbTaTiO5,32,4,467.233028,5.605055922727067,6.451,3.812,19.0,90.0,90.0,90.0,mp-1219631,-3.234394786645834,0.0,,,
1001017,data/raw/cif/1/00/10/1001017.cif,Rb12Nb29.997W3.003O90,135,4,2091.739258206447,4.607970004277711,7.486,7.486,43.1,90.0,90.0,120.0,,,,,,
1001089,data/raw/cif/1/00/10/1001089.cif,Rb2Nb3O10,120,3,2009.3674860000003,4.0305043577791855,7.83,39.06,6.57,90.0,90.0,90.0,,,,,,
1001018,data/raw/cif/1/00/10/1001018.cif,CaH8(ClO2)2,90,4,1059.672056509267,1.72102437504914,8.923,10.221,12.787,90.0,114.68,90.0,mp-24384,-1.581469256666666,0.0036057261666680002,,,
1001090,data/raw/cif/1/00/10/1001090.cif,FeBiO3,30,3,374.9417176488082,8.312584890328276,5.5876,5.5876,13.867,90.0,90.0,120.0,mp-23501,-1.672776781,0.001632503000001,,,
1001019,data/raw/cif/1/00/10/1001019.cif,CaH4NClO5,96,5,1196.355516144,1.9272792008388209,9.052,6.676,19.797,90.0,90.0,90.0,mp-720586,-1.562025071145833,0.0,,,
1001091,data/raw/cif/1/00/10/1001091.cif,Ta2CrO6,18,3,209.502307625,8.082864442993875,4.745,4.745,9.305,90.0,90.0,90.0,mp-31629,-3.044736343851851,0.0,,,
1001020,data/raw/cif/1/00/10/1001020.cif,Rb1.7W6O18,32,3,357.25985644481773,7.140815690165479,7.3875,7.3875,7.5589,90.0,90.0,120.0,,,,,,
1001021,data/raw/cif/1/00/10/1001021.cif,Tl1.8W6O18,34,3,354.2818715918345,8.244152990153967,7.381,7.381,7.5091,90.0,90.0,120.0,,,,,,
1001093,data/raw/cif/1/00/10/1001093.cif,SnPbO3,80,3,1231.4426537508562,8.067145277430619,10.7186,10.7186,10.7186,90.0,90.0,90.0,mp-1101720,-1.8014870669999992,0.07625807849999601,,,
1001022,data/raw/cif/1/00/10/1001022.cif,La2Ti2O7,44,3,556.5118855335717,5.795091815868791,7.8,13.010999999999996,5.546,90.0,90.0,98.6,mp-12192,-3.784009469469697,0.0,,,
1001094,data/raw/cif/1/00/10/1001094.cif,Ba2UFeO6,40,4,584.486749881,7.551709798223953,8.361,8.361,8.361,90.0,90.0,90.0,mp-504699,-3.109767488999999,0.0,,,
1001023,data/raw/cif/1/00/10/1001023.cif,Ca(NO4)2,44,3,654.933344,1.988657094189349,7.79,6.88,12.22,90.0,90.0,90.0,mp-734333,-0.9611437499999991,0.284544927272729,,,
1001095,data/raw/cif/1/00/10/1001095.cif,Ba2UCrO6,40,4,571.9936949010001,7.671954009000883,8.301,8.301,8.301,90.0,90.0,90.0,mp-1205611,-3.282478179999999,0.0,,,
1001024,data/raw/cif/1/00/10/1001024.cif,NbTl(BO3)2,40,4,547.4312800000001,5.034210517532608,7.82,9.46,7.4,90.0,90.0,90.0,mp-559057,-2.685720872166668,0.0,,,
1001096,data/raw/cif/1/00/10/1001096.cif,Y3ReO8,48,3,580.0945745244586,6.651604639281567,14.391,7.196,6.045,90.0,90.0,112.08,mp-13627,-3.281096695625,0.0,,,
1001097,data/raw/cif/1/00/10/1001097.cif,Ba2.4La3.6Cu1.8O9.6,18,4,276.448035324,6.593077916569984,6.862,6.862,5.871,90.0,90.0,90.0,,,,,,
1001026,data/raw/cif/1/00/10/1001026.cif,Rb9.9996Ta41.2O78,144,3,1774.0886846085234,8.945917315135603,7.505,7.504999999999999,36.37,90.0,90.0,120.0,,,,,,
1001098,data/raw/cif/1/00/10/1001098.cif,Li10.6672Ti13.3328O32,56,3,583.6482752929999,3.483039634415532,8.357,8.357,8.357,90.0,90.0,90.0,,,,,,
1001027,data/raw/cif/1/00/10/1001027.cif,K3Nb8O21,64,3,875.4288955410468,4.539238694211406,9.153,9.153,12.066,90.0,90.0,120.0,mp-5867,-2.958041572242187,0.003972249849759,,,
1001099,data/raw/cif/1/00/10/1001099.cif,Li9.6Ti14.4O32,56,3,584.0674122790001,3.6047143065853793,8.359,8.359,8.359,90.0,90.0,90.0,,,,,,
1001028,data/raw/cif/1/00/10/1001028.cif,K3TiNb7O21,64,4,862.7013384242654,4.432821935104165,9.107,9.107,12.011,90.0,90.0,120.0,,,,,,
1001029,data/raw/cif/1/00/10/1001029.cif,Ba3Ti4Nb4O21,64,4,832.7856749332914,5.228402950393345,9.04,9.039999999999996,11.767,90.0,90.0,120.0,,,,,,
1001030,data/raw/cif/1/00/10/1001030.cif,Na16Ta16O47.984,88,3,1138.547270888,5.878687884583784,10.442,10.442,10.442,90.0,90.0,90.0,,,,,,
1001032,data/raw/cif/1/00/10/1001032.cif,Nb2PbO6,96,3,1224.03456,6.63395333575999,17.65,17.92,3.87,90.0,90.0,90.0,mp-1192336,-2.744779823333332,0.0006277273279660001,,,
1001033,data/raw/cif/1/00/10/1001033.cif,Li8Nb8H0.6664W8O56,96,5,1123.890840773,4.677940430875304,10.397,10.397,10.397,90.0,90.0,90.0,,,,,,
1001034,data/raw/cif/1/00/10/1001034.cif,Ta14.9328Cd13.8672Bi3.2O56,88,4,1131.6918484609998,8.547924498484209,10.421,10.421,10.421,90.0,90.0,90.0,,,,,,
1001036,data/raw/cif/1/00/10/1001036.cif,Ba2Si3GeO10,32,4,489.165195156,4.016159624527195,4.649,7.739,13.596,90.0,90.0,90.0,mp-1228564,-3.136317816250001,0.01262632640627,,,
1001037,data/raw/cif/1/00/10/1001037.cif,Nb56.8Tl7.68O146,254,3,2979.625,5.117477280629415,27.5,27.5,3.94,90.0,90.0,90.0,,,,,,
1001038,data/raw/cif/1/00/10/1001038.cif,Na2UF6,18,3,234.22642457552,5.643194788966412,6.112,6.112,7.24,90.0,90.0,120.0,mp-558572,-3.6285364033333343,0.0,,,
1001039,data/raw/cif/1/00/10/1001039.cif,In1.024W6O18,58,3,353.31234427038765,7.090309700875389,7.3762,7.3762,7.4983,90.0,90.0,120.0,,,,,,
1001040,data/raw/cif/1/00/10/1001040.cif,In0.88W6O18,58,3,354.37380359966136,6.991597316953383,7.3824,7.3824,7.5082,90.0,90.0,120.0,,,,,,
1001041,data/raw/cif/1/00/10/1001041.cif,In1.196W6O18,58,3,354.63390138414627,7.156358750198814,7.3888,7.3888,7.5007,90.0,90.0,120.0,,,,,,
1001042,data/raw/cif/1/00/10/1001042.cif,In1.296W6O18,58,3,354.8600943755721,7.205525336029782,7.3883,7.3883,7.5065,90.0,90.0,120.0,,,,,,
1001043,data/raw/cif/1/00/10/1001043.cif,In1.488W6O18,58,3,354.1681171118579,7.32296316981718,7.3837,7.3837,7.5012,90.0,90.0,120.0,,,,,,
1001044,data/raw/cif/1/00/10/1001044.cif,In1.688W6O18,58,3,352.63417687941103,7.46295227474969,7.3673,7.3673,7.502,90.0,90.0,120.0,,,,,,
1001045,data/raw/cif/1/00/10/1001045.cif,In1.828W6O18,58,3,353.3198656295274,7.524016223187015,7.375,7.375000000000001,7.5009,90.0,90.0,120.0,,,,,,
1001046,data/raw/cif/1/00/10/1001046.cif,In1.872W6O18,54,3,353.1306425311484,7.551804091392226,7.3716,7.3716,7.5038,90.0,90.0,120.0,,,,,,
1001047,data/raw/cif/1/00/10/1001047.cif,Na6Th12Zn2F57.96,80,4,1174.702803190772,5.872530797914292,10.116,10.116,13.255,90.0,90.0,120.0,,,,,,
1001048,data/raw/cif/1/00/10/1001048.cif,CdPbO3,80,3,1142.1492296769998,8.551309028044338,10.453,10.453,10.453,90.0,90.0,90.0,mp-685257,-1.375123976249999,0.0,,,
1001049,data/raw/cif/1/00/10/1001049.cif,Fe22.4Sn1.6O32,56,3,605.710476181,5.353671784551152,8.461,8.461,8.461,90.0,90.0,90.0,,,,,,
1001050,data/raw/cif/1/00/10/1001050.cif,Fe20.8Sn3.2O32,56,3,620.4322198890001,5.495844087941712,8.529,8.529,8.529,90.0,90.0,90.0,,,,,,
1001051,data/raw/cif/1/00/10/1001051.cif,Fe5SnO8,56,3,634.9472448750003,5.501733579751735,8.595,8.595,8.595,90.0,90.0,90.0,mp-690495,-1.658565361071429,0.038262897857144006,,,
1001052,data/raw/cif/1/00/10/1001052.cif,Ti5.28Nb10.72Pb16O53.36,88,4,1164.2526079999998,7.726994260794203,10.52,10.52,10.52,90.0,90.0,90.0,,,,,,
1001053,data/raw/cif/1/00/10/1001053.cif,Ta2CrO6,18,3,209.47327779558253,8.083984605806307,4.74,4.75,9.305,90.0,90.95,90.0,mp-31629,-3.044736343851851,0.0,,,
1001054,data/raw/cif/1/00/10/1001054.cif,Ba1Ta0.5Co0.5O3,5,4,67.767604533,7.480059049078312,4.077,4.077,4.077,90.0,90.0,90.0,,,,,,
1001055,data/raw/cif/1/00/10/1001055.cif,Gd0.58Ta1.74W0.26O5,8,4,115.487119674,7.675992828305288,3.869,7.737,3.858,90.0,90.0,90.0,,,,,,
1001056,data/raw/cif/1/00/10/1001056.cif,Gd0.14Ta0.42W1.58O6,10,4,108.544082388,7.411666178142099,5.326,5.383,3.786,90.0,90.0,90.0,,,,,,
1001057,data/raw/cif/1/00/10/1001057.cif,Ta14Tl14.0008W2O48,104,4,1157.625,9.36751486838333,10.5,10.5,10.5,90.0,90.0,90.0,,,,,,
1001058,data/raw/cif/1/00/10/1001058.cif,KSbWO6,96,4,1071.855492904,5.461861392030173,10.234,10.234,10.234,90.0,90.0,90.0,mp-1223347,-2.149047612472221,0.0,,,
1001059,data/raw/cif/1/00/10/1001059.cif,RbSbWO6,96,4,1075.315456125,6.017130162617113,10.245,10.245,10.245,90.0,90.0,90.0,mp-1543124,-2.164202981944445,0.0,,,
1001060,data/raw/cif/1/00/10/1001060.cif,CsSbWO6,96,4,1086.056947639,6.5378612745457065,10.279,10.279,10.279,90.0,90.0,90.0,mp-1540169,-2.173342098295019,0.0,,,
1001072,data/raw/cif/1/00/10/1001072.cif,Sr8Ca2.6668Nb5.3332O24,40,4,550.6277048999999,5.088466589086581,8.19,8.19,8.209,90.0,90.0,90.0,,,,,,
1001073,data/raw/cif/1/00/10/1001073.cif,Nd5Mo3O16,96,3,1327.373299,6.330143295072579,10.99,10.99,10.99,90.0,90.0,90.0,mp-558671,-3.0127984146875,0.026162020872392003,,,
1001074,data/raw/cif/1/00/10/1001074.cif,KTa(GeO3)3,28,4,427.0263055286199,4.526037854145214,6.972,6.972,10.144,90.0,90.0,120.0,mp-540631,-2.480198996041668,0.014622689464284001,,,
1001075,data/raw/cif/1/00/10/1001075.cif,RbTa(GeO3)3,28,4,434.3183122612213,4.804618864414394,7.041,7.041,10.116,90.0,90.0,120.0,mp-540632,-2.48581121677381,0.006177076190473,,,
1001076,data/raw/cif/1/00/10/1001076.cif,RbNb(GeO3)3,28,4,434.6346415603422,4.128389879224868,7.038,7.038,10.132,90.0,90.0,120.0,mp-540633,-2.39532423375,0.011557306428557,,,
1001077,data/raw/cif/1/00/10/1001077.cif,TaTl(GeO3)3,28,4,434.04467222945726,5.717525827017339,7.036,7.0360000000000005,10.124,90.0,90.0,120.0,mp-540634,-2.336258460047633,0.008765764196418,,,
1001078,data/raw/cif/1/00/10/1001078.cif,BaSn(GeO3)3,28,4,421.1881694197876,4.8725621895562,6.894,6.894000000000001,10.233,90.0,90.0,120.0,mp-540635,-2.35182028357143,0.0,,,
1001161,data/raw/cif/1/00/11/1001161.cif,Cd2AsCl2,20,3,512.5655092196256,4.8031178891972495,7.857999999999999,9.193,8.189,90.0,119.95,90.0,mp-27776,-0.923716266499999,0.002724684166663,,,
1001100,data/raw/cif/1/00/11/1001100.cif,LiTi2O4,56,3,590.8009204709999,3.747676815368955,8.391,8.391,8.391,90.0,90.0,90.0,mp-5670,-3.246210392142857,0.0,,,
1001162,data/raw/cif/1/00/11/1001162.cif,Ta0.9999Bi1W2.0001O10,14,4,185.0470154798011,8.234204220841464,7.42,7.42,3.881,90.0,90.0,120.0,,,,,,
1001101,data/raw/cif/1/00/11/1001101.cif,Li8.8Ti15.2O32,56,3,588.059226152,3.672697304202924,8.378,8.378,8.378,90.0,90.0,90.0,,,,,,
1001102,data/raw/cif/1/00/11/1001102.cif,Ba3Ta6(Si2O13)2,39,4,542.6456461287289,6.199705726130514,9.001,9.001,7.734,90.0,90.0,120.0,mp-6169,-3.43141231548718,0.0,,,
1001103,data/raw/cif/1/00/11/1001103.cif,Sr3Ta6(Si2O13)2,39,4,525.1383159724835,5.93485940422401,8.913,8.913,7.633,90.0,90.0,120.0,mp-17103,-3.4146119242051283,0.006896537350419001,,,
1001104,data/raw/cif/1/00/11/1001104.cif,K3Ta3Si2O13,42,4,560.4054014699573,5.477602987818513,9.066,9.066,7.873,90.0,90.0,120.0,mp-16855,-3.154895519940477,0.0,,,
1001105,data/raw/cif/1/00/11/1001105.cif,K3Nb3Si2O13,42,4,568.0787599741773,3.8595003956198135,9.032,9.032,8.041,90.0,90.0,120.0,mp-559346,-2.987607624607143,0.00033530928570700005,,,
1001167,data/raw/cif/1/00/11/1001167.cif,TaWNO6,72,4,1111.2908027120002,5.67562672119144,10.358,10.358,10.358,90.0,90.0,90.0,mp-1217852,-1.585335944148148,0.746961590833334,,,
1001106,data/raw/cif/1/00/11/1001106.cif,K3Ti5NbO14,48,4,628.9337217948641,3.5565571378653145,18.371,3.794,9.199,90.0,101.21,90.0,,,,,,
1001168,data/raw/cif/1/00/11/1001168.cif,Ti5.328Nb10.672Pb16O53.3336,88,4,1164.2526079999998,7.72330838663208,10.52,10.52,10.52,90.0,90.0,90.0,,,,,,
1001107,data/raw/cif/1/00/11/1001107.cif,K3TaTi5O14,52,4,626.3034442042576,4.038348250790553,18.363,3.791,9.174,90.0,101.28,90.0,,,,,,
1001179,data/raw/cif/1/00/11/1001179.cif,Ta2Cd2O7,88,3,1118.3868720000005,8.299390441086494,10.38,10.38,10.38,90.0,90.0,90.0,mp-5548,-2.681269108606061,0.0,,,
1001108,data/raw/cif/1/00/11/1001108.cif,Rb3Ti5NbO14,48,4,658.7509927102825,4.096887815724899,19.073,3.814,9.223,90.0,100.93,90.0,,,,,,
1001180,data/raw/cif/1/00/11/1001180.cif,In6WO12,19,3,231.51526064056185,7.636834357187818,6.2277,6.2277,6.2277,99.01,99.01,99.01,mp-20099,-2.020597898947368,0.014899640065788,,,
1001109,data/raw/cif/1/00/11/1001109.cif,CuHgSeCl,16,4,376.710025568184,6.674581097782034,6.9444,12.7561,4.2526,90.0,90.0,90.0,mp-569687,-0.422759308765627,0.002711910249995,,,
1001181,data/raw/cif/1/00/11/1001181.cif,BaLa2ZnO5,36,4,554.232573224,6.717794349774903,6.914,6.914,11.594,90.0,90.0,90.0,mp-6793,-3.190330179444444,0.014263236574070002,,,
1001110,data/raw/cif/1/00/11/1001110.cif,CaH8(ClO2)2,30,4,391.1166131329612,1.554286179256823,6.1387,7.6669,8.9014,90.0,111.0,90.0,mp-24384,-1.581469256666666,0.0036057261666680002,,,
1001182,data/raw/cif/1/00/11/1001182.cif,BaNd2ZnO5,36,4,526.72640544,7.2031941860892585,6.756,6.756,11.54,90.0,90.0,90.0,mp-6468,-3.139614177222223,0.01254502879629,,,
1001111,data/raw/cif/1/00/11/1001111.cif,K2Ti(SiO3)3,30,4,394.2940640792041,2.9843381153436948,6.774,6.774,9.922,90.0,90.0,120.0,mp-556719,-3.142049877188889,0.0,,,
1001183,data/raw/cif/1/00/11/1001183.cif,Na6.56U3.6Nb16O54.08,88,4,1124.8640000000005,4.959288883687581,10.4,10.4,10.4,90.0,90.0,90.0,,,,,,
1001112,data/raw/cif/1/00/11/1001112.cif,Rb2Ti(SiO3)3,30,4,409.4893175954341,3.625736266403244,6.896,6.896,9.943,90.0,90.0,120.0,mp-17037,-3.1350080442222232,0.0,,,
1001184,data/raw/cif/1/00/11/1001184.cif,Ca0.5Ta1O3,5,3,58.185546875,7.105707089191496,3.875,3.875,3.875,90.0,90.0,90.0,,,,,,
1001113,data/raw/cif/1/00/11/1001113.cif,K2Si3SnO9,30,4,412.4386680103738,3.4234955452063045,6.86,6.86,10.12,90.0,90.0,120.0,mp-556797,-2.8825441013,0.0,,,
1001185,data/raw/cif/1/00/11/1001185.cif,Ta1Sn0.25O3,5,3,58.411072,7.352280039201422,3.88,3.88,3.88,90.0,90.0,90.0,,,,,,
1001114,data/raw/cif/1/00/11/1001114.cif,Rb2Si3SnO9,30,4,419.1395811067342,4.103586217001748,6.943,6.943,10.04,90.0,90.0,120.0,mp-17382,-2.86547719,0.0,,,
1001186,data/raw/cif/1/00/11/1001186.cif,Ca0.91Ta0.84O3,5,3,62.099136,6.323115893582867,3.96,3.96,3.96,90.0,90.0,90.0,,,,,,
1001115,data/raw/cif/1/00/11/1001115.cif,TiTl2(GeO3)3,30,4,434.4387397654773,6.2574128017584,6.99,6.99,10.267,90.0,90.0,120.0,mp-17020,-2.179262007000004,0.022739891249994003,,,
1001187,data/raw/cif/1/00/11/1001187.cif,Zn2SnO4,56,3,647.2146250000001,6.435225506921562,8.65,8.65,8.65,90.0,90.0,90.0,mp-35493,-1.909593755714286,0.016983739285715,,,
1001116,data/raw/cif/1/00/11/1001116.cif,Cs2Ti(GeO3)3,30,4,463.947634346774,4.836096421997778,7.191,7.191,10.36,90.0,90.0,120.0,mp-16805,-2.433767227509579,0.0,,,
1001188,data/raw/cif/1/00/11/1001188.cif,Zn14.4Cd1.6Sn8O32,56,4,660.7763110000003,6.492136360742624,8.71,8.71,8.71,90.0,90.0,90.0,,,,,,
1001117,data/raw/cif/1/00/11/1001117.cif,Cs2Sn(GeO3)3,30,4,481.700384715084,5.146291577998275,7.288,7.287999999999999,10.472,90.0,90.0,120.0,mp-540707,-2.16407378662069,0.0,,,
1001189,data/raw/cif/1/00/11/1001189.cif,Zn12.8Cd3.2Sn8O32,56,4,672.221376,6.56737188712708,8.76,8.76,8.76,90.0,90.0,90.0,,,,,,
1001118,data/raw/cif/1/00/11/1001118.cif,K2Ti(GeO3)3,90,4,1231.8920375707,3.9466455233164175,11.916,11.916,10.018,90.0,90.0,120.0,mp-680158,-2.377613964855555,0.069619517611113,,,
1001190,data/raw/cif/1/00/11/1001190.cif,Zn11.2Cd4.8Sn8O32,56,4,686.128968,6.616257045098387,8.82,8.82,8.82,90.0,90.0,90.0,,,,,,
1001119,data/raw/cif/1/00/11/1001119.cif,Rb2Ti(GeO3)3,90,4,1306.9973274787887,4.426804454699141,12.195,12.195,10.148,90.0,90.0,120.0,mp-555252,-2.441583086111111,0.0,,,
1001191,data/raw/cif/1/00/11/1001191.cif,Zn9.6Cd6.4Sn8O32,56,4,700.2270720000001,6.661386936613458,8.88,8.88,8.88,90.0,90.0,90.0,,,,,,
1001120,data/raw/cif/1/00/11/1001120.cif,K2Sn(GeO3)3,90,4,1287.0598182365104,4.325880220915596,12.082,12.082,10.181,90.0,90.0,120.0,mp-624486,-2.115568274633333,0.038703131166666,,,
1001192,data/raw/cif/1/00/11/1001192.cif,ZnCdSnO4,56,4,714.5169839999999,6.702935590110055,8.94,8.94,8.94,90.0,90.0,90.0,,,,,,
1001121,data/raw/cif/1/00/11/1001121.cif,Rb2Sn(GeO3)3,90,4,1338.156403991822,4.851187041929402,12.305,12.305,10.205,90.0,90.0,120.0,mp-680061,-2.083197408222222,0.050289680166665005,,,
1001193,data/raw/cif/1/00/11/1001193.cif,Zn6.4Cd9.6Sn8O32,56,4,724.1507920000001,6.786209761543009,8.98,8.98,8.98,90.0,90.0,90.0,,,,,,
1001122,data/raw/cif/1/00/11/1001122.cif,Tl2Sn(GeO3)3,90,4,1338.8002201019665,6.61877170161128,12.351,12.351,10.134,90.0,90.0,120.0,mp-1179240,-1.8334139436666672,0.08847326519444901,,,
1001194,data/raw/cif/1/00/11/1001194.cif,ZnCd3(SnO4)2,56,4,736.3143269999999,6.928502901534886,9.03,9.03,9.03,90.0,90.0,90.0,,,,,,
1001123,data/raw/cif/1/00/11/1001123.cif,Y0.12Ta0.36W1.64O6,10,4,107.511243804,7.310302197637483,5.298,5.377,3.774,90.0,90.0,90.0,,,,,,
1001195,data/raw/cif/1/00/11/1001195.cif,Zn3.2Cd12.8Sn8O32,56,4,741.2176250000002,6.966907832116251,9.05,9.05,9.05,90.0,90.0,90.0,,,,,,
1001124,data/raw/cif/1/00/11/1001124.cif,Y0.24Ta0.72W0.28O3,5,4,56.31401053700001,7.404022434595137,3.833,3.833,3.833,90.0,90.0,90.0,,,,,,
1001196,data/raw/cif/1/00/11/1001196.cif,Zr3GeO8,24,3,261.8228613,6.016324413837976,5.005,5.005,10.452,90.0,90.0,90.0,mp-27888,-3.3855436679166653,0.013833564166665,,,
1001125,data/raw/cif/1/00/11/1001125.cif,Y0.6Ta1.8W0.2O6,9,4,113.52422630300002,7.486395871507768,3.833,3.833,7.727,90.0,90.0,90.0,,,,,,
1001197,data/raw/cif/1/00/11/1001197.cif,KTa3CuO9,56,4,689.537207772,7.60490710072705,8.862,10.187,7.638,90.0,90.0,90.0,mp-541373,-2.904744851196429,0.014681456785726,,,
1001126,data/raw/cif/1/00/11/1001126.cif,Ta3Zn2Bi3O14,88,4,1170.9054639999997,8.648515904024201,10.54,10.54,10.54,90.0,90.0,90.0,mp-1218076,-2.484653124181817,0.054097552272731005,,,
1001198,data/raw/cif/1/00/11/1001198.cif,Rb21.788W32.736O108,184,3,2574.367962444,6.1976172728915655,15.966,15.966,10.099,90.0,90.0,90.0,,,,,,
1001127,data/raw/cif/1/00/11/1001127.cif,NaClO3,20,3,293.4670278570106,2.409120906206515,8.78,5.17,6.88,90.0,110.0,90.0,mp-2720358,-1.083985425275862,0.029885637749999003,,,
1001128,data/raw/cif/1/00/11/1001128.cif,Ba2UMnO6,40,4,607.4302257089998,7.256553909576224,8.469,8.469,8.469,90.0,90.0,90.0,mp-19852,-3.260499004793104,0.0,,,
1001129,data/raw/cif/1/00/11/1001129.cif,K1.6Mg0.8Ti3.2O8,16,4,178.16717812218,3.3847953438455574,3.8207,15.641,2.9814,90.0,90.0,90.0,,,,,,
1001130,data/raw/cif/1/00/11/1001130.cif,K1.6Ti3.2Zn0.8O8,16,4,178.29413596799998,3.6886421960798734,3.8064,15.692,2.985,90.0,90.0,90.0,,,,,,
1001131,data/raw/cif/1/00/11/1001131.cif,CsTi2NbO7,44,4,652.155764976,4.415588155076888,9.326,18.412,3.798,90.0,90.0,90.0,,,,,,
1001132,data/raw/cif/1/00/11/1001132.cif,Ba2MgUO6,40,4,588.2698239389999,7.147027666524407,8.379,8.379,8.379,90.0,90.0,90.0,mp-13811,-3.457244664499998,0.0,,,
1001133,data/raw/cif/1/00/11/1001133.cif,Ba8U2.668Fe5.332O24,40,4,561.515625,7.143012295749844,8.25,8.25,8.25,90.0,90.0,90.0,,,,,,
1001134,data/raw/cif/1/00/11/1001134.cif,Ba8Mg2U3.332Fe2.668O24,40,5,577.593303552,7.110611892649388,8.328,8.328,8.328,90.0,90.0,90.0,,,,,,
1001135,data/raw/cif/1/00/11/1001135.cif,Cd4P2I3,72,3,2075.5755135,5.711022103160234,12.89,12.725,12.654,90.0,90.0,90.0,mp-568545,-0.443081471170634,0.026309036527776,,,
1001136,data/raw/cif/1/00/11/1001136.cif,K4Mg6.0002Cu3.9998Si24O60,100,5,1270.061079351751,2.863854603498704,10.169,10.169,14.182,90.0,90.0,120.0,,,,,,
1001137,data/raw/cif/1/00/11/1001137.cif,K4Mg5.9998Zn4.0002Si24O60,100,5,1274.2327618641375,2.864210839965104,10.199,10.199,14.145,90.0,90.0,120.0,,,,,,
1001138,data/raw/cif/1/00/11/1001138.cif,Na2Mg5(Si2O5)6,100,4,1275.0280196062783,2.564369580874484,10.151,10.151,14.288,90.0,90.0,120.0,mp-1221511,-3.178974496586911,0.004580767551018001,,,
1001139,data/raw/cif/1/00/11/1001139.cif,Na4Mg5.9998Cu4.0002Si24O60,100,5,1257.8943888245956,2.806516179944522,10.096,10.096,14.25,90.0,90.0,120.0,,,,,,
1001140,data/raw/cif/1/00/11/1001140.cif,RbNaMg5(Si2O5)6,100,5,1278.8399706409405,2.718977800183834,10.135,10.135,14.376,90.0,90.0,120.0,mp-1173467,-3.193766454875089,0.0,,,
1001141,data/raw/cif/1/00/11/1001141.cif,K6Li1.9998Mg8.0002Si24O60,100,5,1278.2024752769623,2.69818404255464,10.253,10.253,14.04,90.0,90.0,120.0,,,,,,
1001142,data/raw/cif/1/00/11/1001142.cif,Na6Li1.9998Mg8.0002Si24O60,100,5,1264.423023478721,2.600658476843001,10.155,10.155,14.158,90.0,90.0,120.0,,,,,,
1001143,data/raw/cif/1/00/11/1001143.cif,UTiNb2O10,112,4,1471.815072,5.701623707661435,7.28,12.62,16.02,90.0,90.0,90.0,mp-556509,-3.285665122023808,0.015214916096944002,,,
1001144,data/raw/cif/1/00/11/1001144.cif,Fe3Ge,8,2,97.69265778669788,8.164789041744454,5.169,5.1690000000000005,4.222,90.0,90.0,120.0,mp-20344,-0.156686391249999,0.0,,,
1001145,data/raw/cif/1/00/11/1001145.cif,Cd10.664Sn10.672O32,56,3,766.3120699509999,6.452239676158067,9.151,9.151,9.151,90.0,90.0,90.0,,,,,,
1001147,data/raw/cif/1/00/11/1001147.cif,TaAgHWO7,88,5,1125.5130848079998,6.912481252033097,10.402,10.402,10.402,90.0,90.0,90.0,,,,,,
1001148,data/raw/cif/1/00/11/1001148.cif,NbAgHWO7,88,5,1130.0636712960002,5.84968569654264,10.416,10.416,10.416,90.0,90.0,90.0,,,,,,
1001149,data/raw/cif/1/00/11/1001149.cif,Ta3Tl3WO12,112,4,1165.248925667,8.731722221205967,10.523,10.523,10.523,90.0,90.0,90.0,,,,,,
1001150,data/raw/cif/1/00/11/1001150.cif,UVO5,28,3,364.2141235000001,6.728841743702711,12.31,7.19,4.115,90.0,90.0,90.0,mp-20179,-3.062419927142857,0.082740327857132,,,
1001151,data/raw/cif/1/00/11/1001151.cif,Ta2VO6,18,3,198.837735681,8.498770810457325,4.667,4.667,9.129,90.0,90.0,90.0,mp-21860,-3.121902237185185,0.0,,,
1001152,data/raw/cif/1/00/11/1001152.cif,VZn2O4,56,3,591.6462298749999,5.518017293553255,8.395,8.395,8.395,90.0,90.0,90.0,mp-38131,-2.067259858928572,0.037168852499998004,,,
1001153,data/raw/cif/1/00/11/1001153.cif,V(CoO2)2,56,3,588.9019189679999,5.251572109413633,8.382,8.382,8.382,90.0,90.0,90.0,mp-530941,-1.749845271309522,0.057973173690481,,,
1001154,data/raw/cif/1/00/11/1001154.cif,Mn2VO4,56,3,630.5251093749998,4.736552447869567,8.575,8.575,8.575,90.0,90.0,90.0,mp-531700,-2.200187375123153,0.042338852857142006,,,
1001155,data/raw/cif/1/00/11/1001155.cif,LiVCoO4,56,4,566.841248576,4.2374832993460405,8.276,8.276,8.276,90.0,90.0,90.0,mp-753926,-2.120816598333333,0.009572941703296001,,,
1001156,data/raw/cif/1/00/11/1001156.cif,LiVNiO4,56,4,554.3993383750001,4.326835633541901,8.215,8.215,8.215,90.0,90.0,90.0,mp-756943,-2.111040339761905,0.001119553571427,,,
1001157,data/raw/cif/1/00/11/1001157.cif,Sr10.2Eu7.8Cu12O33.904,70,4,850.9095092160001,6.603908726987512,3.744,11.337,20.047,90.0,90.0,90.0,,,,,,
1001158,data/raw/cif/1/00/11/1001158.cif,P2W3O13,72,3,991.547554111,5.5027757754663895,11.9866,15.55,5.3197,90.0,90.0,90.0,mp-27738,-2.369710164126985,0.031734139791671,,,
1001159,data/raw/cif/1/00/11/1001159.cif,H(S7N)2,34,3,833.7572240249287,1.9037284222860515,8.44,13.034,8.203,90.0,112.49,90.0,,,,,,
1001160,data/raw/cif/1/00/11/1001160.cif,Ba5.5Ta21.8O60,98,3,1209.6128,7.769865465865768,17.6,17.6,3.905,90.0,90.0,90.0,,,,,,
1001169,data/raw/cif/1/00/11/1001169.cif,Cd2Ni(ClO2)6,168,4,4115.119813816616,2.221712212640383,24.4219,22.3429,7.5416,90.0,90.0,90.0,mp-1182834,-0.169583680714285,0.5647853207653061,,,
1001170,data/raw/cif/1/00/11/1001170.cif,Cd4NiH20(ClO)10,90,5,1213.4723247049585,2.8545781498459166,6.634,12.008,16.08,90.0,108.68,90.0,mp-734433,-1.311496168444444,0.008277587888892001,,,
1001171,data/raw/cif/1/00/11/1001171.cif,Cs2Nb4O11,136,3,2261.342941248,4.778512723945051,10.484,28.898,7.464,90.0,90.0,90.0,mp-581217,-2.955835613341785,0.0,,,
1001172,data/raw/cif/1/00/11/1001172.cif,Ba3La3(Cu3O7)2,26,5,357.82970679488994,6.654436111236986,5.5253,5.5253,11.721,90.0,90.0,90.0,mp-1228365,-2.2693484501923082,0.027696393717937,,,
1001173,data/raw/cif/1/00/11/1001173.cif,Rb0.45P2W6O22,49,4,411.2653357092132,6.280277200027178,13.991,3.765,8.561,90.0,114.22,90.0,,,,,,
1001174,data/raw/cif/1/00/11/1001174.cif,UNb3O10,112,4,1505.289744,5.972307288136347,7.38,12.78,15.96,90.0,90.0,90.0,mp-3696,-3.188354872142856,0.025144660697307003,,,
1001175,data/raw/cif/1/00/11/1001175.cif,Ba3Fe2WO9,30,4,407.69150992236086,6.936412860171821,5.77,5.77,14.14,90.0,90.0,120.0,mp-1228376,-2.522751010666667,0.0,,,
1001176,data/raw/cif/1/00/11/1001176.cif,La2.4Mo1.6O8,12,4,176.55848100000003,5.782897073303391,5.61,5.61,5.61,90.0,90.0,90.0,,,,,,
1001177,data/raw/cif/1/00/11/1001177.cif,Ca2Ta2O7,88,3,1115.1576529999998,6.600090072966914,10.37,10.37,10.37,90.0,90.0,90.0,mp-680380,-3.483381799774892,0.0,,,
1001178,data/raw/cif/1/00/11/1001178.cif,Nb2Cd2O7,88,3,1115.1576529999998,6.225835144703352,10.37,10.37,10.37,90.0,90.0,90.0,mp-560530,-2.458725366363637,0.005339542954543,,,
1001261,data/raw/cif/1/00/12/1001261.cif,La1.7Al23.064O37.244,90,3,587.6933931740459,4.109218262768956,5.55,5.55,22.031,90.0,90.0,120.0,,,,,,
1001200,data/raw/cif/1/00/12/1001200.cif,Pb2ClO2,10,3,198.7453,8.051850678525991,3.91,3.91,13.0,90.0,90.0,90.0,mp-27942,-1.297962911999998,0.196083090250001,,,
1001201,data/raw/cif/1/00/12/1001201.cif,RbTi3NbO9,28,4,362.915839922,4.264134763543847,6.407,3.797,14.918,90.0,90.0,90.0,mp-1219552,-3.269866175178571,0.007985448750028,,,
1001263,data/raw/cif/1/00/12/1001263.cif,Nb2CdO7,80,3,1138.8744083069998,4.7849743658937225,10.443,10.443,10.443,90.0,90.0,90.0,,,,,,
1001202,data/raw/cif/1/00/12/1001202.cif,La3Re2O9,28,4,386.57708150053855,8.016463517582878,6.857999999999999,11.198,5.673,105.32,111.17,92.94,mp-540878,-3.094035246428573,0.006693353214306001,,,
1001203,data/raw/cif/1/00/12/1001203.cif,CaTi4(CuO4)3,40,4,404.075127457,5.047895811071888,7.393,7.393,7.393,90.0,90.0,90.0,mp-22592,-2.702762577666666,0.051267862312508,,,
1001266,data/raw/cif/1/00/12/1001266.cif,Ta2CdO7,80,3,1135.605852737,6.85856491310837,10.433,10.433,10.433,90.0,90.0,90.0,,,,,,
1001204,data/raw/cif/1/00/12/1001204.cif,Sr60La36.8Cu50O200,350,4,4575.813573455999,6.077073510033205,18.804,18.804,12.941,90.0,90.0,90.0,,,,,,
1001205,data/raw/cif/1/00/12/1001205.cif,TiNbHO5,32,4,409.799776848,3.5946487607389632,6.521,3.773,16.656,90.0,90.0,90.0,mp-1216937,-2.865200347447918,0.017785815959824,,,
1001267,data/raw/cif/1/00/12/1001267.cif,CaTa4O14,88,3,1150.363735352,5.703872380591439,10.478,10.478,10.478,90.0,90.0,90.0,mp-1227122,-2.544849719964912,0.34064515684211405,,,
1001206,data/raw/cif/1/00/12/1001206.cif,TiNbHO5,32,4,411.52095765,3.5796141912427992,6.534,3.777,16.675,90.0,90.0,90.0,mp-1216937,-2.865200347447918,0.017785815959824,,,
1001207,data/raw/cif/1/00/12/1001207.cif,TiNbHO5,32,4,411.4613479679999,3.5963662380860435,6.534,3.776,16.677,90.0,90.0,90.0,mp-1216937,-2.865200347447918,0.017785815959824,,,
1001279,data/raw/cif/1/00/12/1001279.cif,Sr6Ta7.9996Ti8.0004O42,64,4,817.2026329705188,6.153160541940438,9.008,9.008,11.629,90.0,90.0,120.0,,,,,,
1001208,data/raw/cif/1/00/12/1001208.cif,KNb3O8,48,3,715.6840365200001,4.137520293105933,8.903,21.16,3.799,90.0,90.0,90.0,mp-27998,-2.986958873937498,0.0,,,
1001280,data/raw/cif/1/00/12/1001280.cif,TaTiTlO5,32,4,461.95012584,7.378983995918128,6.444,3.801,18.86,90.0,90.0,90.0,mp-1217858,-2.992009080500001,0.001066485156233,,,
1001209,data/raw/cif/1/00/12/1001209.cif,P(WO4)2,44,3,602.377529915,5.807130137344704,5.285,6.569,17.351,90.0,90.0,90.0,mp-28000,-2.359123784740259,0.004032574204542,,,
1001281,data/raw/cif/1/00/12/1001281.cif,Ba3LiTi5Nb3O21,66,5,831.7782709516213,5.082618205600256,9.072,9.072,11.67,90.0,90.0,120.0,mp-766208,-3.343356402727274,0.010862537878807001,,,
1001210,data/raw/cif/1/00/12/1001210.cif,CdNi2H24(ClO2)6,90,5,963.8170817681772,2.269716340445337,9.9509,9.9509,11.2393,90.0,90.0,120.0,mp-721610,-1.256256466777777,0.008250496111111,,,
1001282,data/raw/cif/1/00/12/1001282.cif,Ba3LiTi5Nb3O21,66,5,831.7782709516213,5.082618205600256,9.072,9.072,11.67,90.0,90.0,120.0,mp-766208,-3.343356402727274,0.010862537878807001,,,
1001211,data/raw/cif/1/00/12/1001211.cif,Ta8W8O44.0016,64,3,1136.9778832868485,5.290317846793851,10.4372,10.4372,10.4372,90.0,90.0,90.0,,,,,,
1001283,data/raw/cif/1/00/12/1001283.cif,Ba6Li2Ta6.0004Ti9.9996O42,66,5,830.5856160959017,6.14611881189878,9.062,9.062,11.679,90.0,90.0,120.0,,,,,,
1001212,data/raw/cif/1/00/12/1001212.cif,Ta8H8.0016W8O48,112,4,1139.136163355672,5.385304285444754,10.4438,10.4438,10.4438,90.0,90.0,90.0,,,,,,
1001284,data/raw/cif/1/00/12/1001284.cif,Ba3LiTi5(SbO7)3,66,5,824.7523464366927,5.474475801381205,8.978,8.978,11.815,90.0,90.0,120.0,mp-766108,-2.981115243636364,0.029786568560624,,,
1001213,data/raw/cif/1/00/12/1001213.cif,Ta8H8.0016W8O48,112,4,1139.299780626307,5.384530890414133,10.4443,10.4443,10.4443,90.0,90.0,90.0,,,,,,
1001214,data/raw/cif/1/00/12/1001214.cif,Ta8H8.0016W8O48,112,4,1138.7108317656252,5.399049734769963,10.4425,10.4425,10.4425,90.0,90.0,90.0,,,,,,
1001286,data/raw/cif/1/00/12/1001286.cif,CuHgSCl,32,4,715.6040673599998,6.156750074328908,9.844,17.752,4.095,90.0,90.0,90.0,mp-23567,-0.632859902812501,0.013173215520832001,,,
1001215,data/raw/cif/1/00/12/1001215.cif,Ta8H7.9968W8O48,112,5,1138.579981810461,5.397311878768048,10.4421,10.4421,10.4421,90.0,90.0,90.0,,,,,,
1001287,data/raw/cif/1/00/12/1001287.cif,CuHgSBr,32,4,759.6527232000001,6.577079525342313,10.045,18.32,4.128,90.0,90.0,90.0,mp-554879,-0.538091971875001,0.028837948958333002,,,
1001216,data/raw/cif/1/00/12/1001216.cif,Ta16H15.9984O48,112,3,1192.0949816647678,5.1250609760585855,10.6032,10.6032,10.6032,90.0,90.0,90.0,,,,,,
1001288,data/raw/cif/1/00/12/1001288.cif,Li3.2Zn3.2Sn5.6O16,28,4,314.9456151033304,6.075387286015733,6.067,6.067000000000001,9.88,90.0,90.0,120.0,,,,,,
1001217,data/raw/cif/1/00/12/1001217.cif,Ta16H16.0032O48,112,4,1194.592622239016,5.118827635619963,10.6106,10.6106,10.6106,90.0,90.0,90.0,,,,,,
1001289,data/raw/cif/1/00/12/1001289.cif,Li3.2Mg3.2Sn5.6O16,28,4,314.3536008483102,5.392021048801831,6.077,6.077,9.829,90.0,90.0,120.0,,,,,,
1001218,data/raw/cif/1/00/12/1001218.cif,RbTa7(CuO7)3,140,4,1591.94362284,7.838724429455619,28.11,7.503,7.548,90.0,90.0,90.0,mp-1220008,-2.787171089026041,0.066136411757808,,,
1001290,data/raw/cif/1/00/12/1001290.cif,Li3.2Ti1.3998Zn3.2Sn4.2002O16,28,5,307.1244498705886,5.693937806229988,6.011,6.011,9.815,90.0,90.0,120.0,,,,,,
1001219,data/raw/cif/1/00/12/1001219.cif,LiFeSnO4,20,4,153.366483144,5.316046969494155,3.066,5.066,9.874,90.0,90.0,90.0,mp-756311,-2.013281224404761,0.001434741964287,,,
1001291,data/raw/cif/1/00/12/1001291.cif,SrLa2(CuO3)2,22,4,297.076480575,6.579176883969403,3.865,3.865,19.887,90.0,90.0,90.0,mp-1218240,-2.650924237272727,0.040431104545451006,,,
1001220,data/raw/cif/1/00/12/1001220.cif,Li3.996Fe4Sn3.998O16,28,4,306.00587771437137,5.327239200968664,6.012,6.012,9.776,90.0,90.0,120.0,,,,,,
1001292,data/raw/cif/1/00/12/1001292.cif,Sr2.16La3.84Cu4O11.92,22,4,297.903237547,6.5080442736220245,3.863,3.863,19.963,90.0,90.0,90.0,,,,,,
1001221,data/raw/cif/1/00/12/1001221.cif,BaY2CuO5,36,4,491.538138936,6.198167122472776,7.132,12.181,5.658,90.0,90.0,90.0,mp-542733,-3.047560420555555,0.034352681527776,,,
1001293,data/raw/cif/1/00/12/1001293.cif,Ca2.2La3.8Cu4O11.9,22,4,283.8926475,6.203576931520935,3.825,3.825,19.404,90.0,90.0,90.0,,,,,,
1001222,data/raw/cif/1/00/12/1001222.cif,BaGd2CuO5,36,4,509.616569304,7.759835178146673,7.226,12.321,5.724,90.0,90.0,90.0,mp-1182677,-3.023537846388889,0.025897405277778,,,
1001294,data/raw/cif/1/00/12/1001294.cif,Cd2As3Br,24,3,610.554312415004,5.760274833247408,8.286,9.408,7.987,90.0,101.29999999999998,90.0,mp-28900,-0.352646909583334,0.001264697499998,,,
1001223,data/raw/cif/1/00/12/1001223.cif,Ta12.8Ti3.2Pb9.6O48,80,4,1170.9054639999997,7.41190395471199,10.54,10.54,10.54,90.0,90.0,90.0,,,,,,
1001295,data/raw/cif/1/00/12/1001295.cif,Cd2P3I,24,3,569.843904184021,5.182857728752109,8.243,9.334,7.516,90.0,99.8,90.0,mp-29244,-0.26860659648809404,0.019021512944444003,,,
1001224,data/raw/cif/1/00/12/1001224.cif,Ge2N2O,20,3,273.5798088,4.595779070743465,9.312,5.755,5.105,90.0,90.0,90.0,mp-4187,-0.817928909,0.0018014144999980001,,,
1001296,data/raw/cif/1/00/12/1001296.cif,Cd2P3Br,24,3,544.1120868224525,4.854211990835396,8.077,9.088,7.534,90.0,100.3,90.0,mp-29245,-0.37954305482142603,0.007931658333334,,,
1001225,data/raw/cif/1/00/12/1001225.cif,Rb0.88P4W14O50,92,4,929.6061749606248,6.382095027928327,15.723000000000004,3.764,17.118,90.0,113.42000000000002,90.0,,,,,,
1001297,data/raw/cif/1/00/12/1001297.cif,Cd2P3Cl,24,3,531.2379081004336,4.416072143628435,7.969,8.984,7.554,90.0,100.8,90.0,mp-644431,-0.453797738571426,0.0008206869791660001,,,
1001226,data/raw/cif/1/00/12/1001226.cif,NaNp3FeF15,80,4,1082.0242368377944,6.59787569641595,9.802,9.802,13.004,90.0,90.0,120.0,mp-1221458,-3.441188978756467,0.13449277270832902,,,
1001298,data/raw/cif/1/00/12/1001298.cif,K6Ta13.9996Ti2.0004O42,64,4,861.8015756542072,6.812312826954856,9.086,9.086,12.054,90.0,90.0,120.0,,,,,,
1001227,data/raw/cif/1/00/12/1001227.cif,Li4Al1.9998Cr4.0002Sb2O16,28,5,275.3936267340309,4.758795924983313,5.796,5.796,9.466,90.0,90.0,120.0,,,,,,
1001299,data/raw/cif/1/00/12/1001299.cif,K6Ta15.0004Fe0.9996O42,64,4,870.5683984619704,7.0129667121520685,9.12,9.12,12.086,90.0,90.0,120.0,,,,,,
1001228,data/raw/cif/1/00/12/1001228.cif,Li4Al4.0002Cr1.9998Sb2O16,28,5,264.54250325089214,4.639897655494599,5.703,5.703,9.392,90.0,90.0,120.0,,,,,,
1001229,data/raw/cif/1/00/12/1001229.cif,Li4Cr4.0002Fe1.9998Sb2O16,28,5,284.4475649929271,4.944286633496464,5.867,5.867,9.542,90.0,90.0,120.0,,,,,,
1001230,data/raw/cif/1/00/12/1001230.cif,Li2Fe3SbO8,28,4,292.9113360973536,4.888703135028012,5.923,5.923,9.641,90.0,90.0,120.0,mp-771712,-1.9291776447619051,0.0,,,
1001231,data/raw/cif/1/00/12/1001231.cif,Li7.9992Cr7.9992Fe4.0008Sb4.0008O32,56,5,592.280740792,4.749336914004141,8.398,8.398,8.398,90.0,90.0,90.0,,,,,,
1001232,data/raw/cif/1/00/12/1001232.cif,Li7.9992Fe12Sb4.0008O32,56,4,598.0117656250002,4.789313234136311,8.425,8.425,8.425,90.0,90.0,90.0,,,,,,
1001233,data/raw/cif/1/00/12/1001233.cif,K0.42P2W4O16,24,4,310.9669205792036,5.7122170347595205,6.6702,5.3228,8.9091,90.0,100.546,90.0,,,,,,
1001234,data/raw/cif/1/00/12/1001234.cif,P2W5O19,52,3,709.7179968209572,6.013708972694328,6.5656,5.285,20.573,90.0,96.18000000000002,90.0,mp-28031,-2.329886431318681,0.006762888798064,,,
1001235,data/raw/cif/1/00/12/1001235.cif,KTi6Nb5O25,148,4,1770.21107472,4.468164306010101,6.611,8.88,30.154,90.0,90.0,90.0,,,,,,
1001236,data/raw/cif/1/00/12/1001236.cif,KMo2P3O13,76,4,1077.7645825627817,3.277996346810501,10.7433,14.0839,8.8519,90.0,126.42,90.0,mp-558283,-2.46487879137782,0.0036460881578740004,,,
1001237,data/raw/cif/1/00/12/1001237.cif,Rb0.8P4W16O56,120,4,1041.7936355544452,6.422993658854405,16.194,3.7719,17.095,90.0,93.89,90.0,,,,,,
1001238,data/raw/cif/1/00/12/1001238.cif,Si3N4,28,2,292.4910848078381,3.1856820596096678,7.7523,7.7523,5.6198,90.0,90.0,120.0,mp-988,-1.320943462857144,0.0,,,
1001239,data/raw/cif/1/00/12/1001239.cif,Si3N4,28,2,294.0428723881688,3.1688698790768286,7.766,7.766000000000001,5.6297,90.0,90.0,120.0,mp-988,-1.320943462857144,0.0,,,
1001240,data/raw/cif/1/00/12/1001240.cif,Si3N4,28,2,294.42533414722175,3.164753482124535,7.7696,7.7696,5.6318,90.0,90.0,120.0,mp-988,-1.320943462857144,0.0,,,
1001241,data/raw/cif/1/00/12/1001241.cif,Si3N4,28,2,295.74901150656933,3.1505890644283783,7.7809,7.780900000000001,5.6407,90.0,90.0,120.0,mp-988,-1.320943462857144,0.0,,,
1001242,data/raw/cif/1/00/12/1001242.cif,Si3N4,28,2,296.2095680717013,3.145690422945925,7.7853,7.7853,5.6431,90.0,90.0,120.0,mp-988,-1.320943462857144,0.0,,,
1001243,data/raw/cif/1/00/12/1001243.cif,Si3N4,28,2,296.9641275014077,3.137697503425504,7.791,7.791,5.6492,90.0,90.0,120.0,mp-988,-1.320943462857144,0.0,,,
1001244,data/raw/cif/1/00/12/1001244.cif,Si3N4,14,2,145.46174043457268,3.202847699623144,7.6018,7.6018,2.9066,90.0,90.0,120.0,mp-988,-1.320943462857144,0.0,,,
1001245,data/raw/cif/1/00/12/1001245.cif,Si3N4,14,2,146.21518795494637,3.186343411038847,7.614,7.614,2.9123,90.0,90.0,120.0,mp-988,-1.320943462857144,0.0,,,
1001246,data/raw/cif/1/00/12/1001246.cif,Si3N4,14,2,146.38570167279428,3.182631878729695,7.617,7.617,2.9134,90.0,90.0,120.0,mp-988,-1.320943462857144,0.0,,,
1001247,data/raw/cif/1/00/12/1001247.cif,Si3N4,14,2,147.01984277877813,3.168904223595728,7.6272,7.6272,2.9182,90.0,90.0,120.0,mp-988,-1.320943462857144,0.0,,,
1001248,data/raw/cif/1/00/12/1001248.cif,Si3N4,14,2,147.25806500645814,3.1637778257755715,7.6322,7.6322,2.9191,90.0,90.0,120.0,mp-988,-1.320943462857144,0.0,,,
1001249,data/raw/cif/1/00/12/1001249.cif,Si3N4,14,2,147.60528818662465,3.1563354298322963,7.6374,7.6374,2.922,90.0,90.0,120.0,mp-988,-1.320943462857144,0.0,,,
1001250,data/raw/cif/1/00/12/1001250.cif,BaY2ZnO5,36,4,497.0270185920001,6.154614849715534,7.068,12.324,5.706,90.0,90.0,90.0,mp-6121,-3.226324356388889,0.021570728101845002,,,
1001251,data/raw/cif/1/00/12/1001251.cif,BaSc2O4,84,3,1180.56876,4.915692944589354,9.84,5.81,20.65,90.0,90.0,90.0,mp-3564,-3.6896490030952362,0.0,,,
1001252,data/raw/cif/1/00/12/1001252.cif,K1.4P4W14O50,72,4,956.2680957689658,6.168601695786414,6.66,5.3483,27.06,90.0,97.2,90.0,,,,,,
1001253,data/raw/cif/1/00/12/1001253.cif,CoH17C(NO)8,140,6,1191.7345914115251,1.8288260753966223,13.201,7.813,12.2,90.0,108.72,90.0,mp-734885,-0.7389878724642851,0.18035798185714402,,,
1001254,data/raw/cif/1/00/12/1001254.cif,Nd2Ge2O7,132,3,1794.3725813751223,6.060650811671144,37.6093,6.9222,6.9234,91.45600000000002,90.728,95.15000000000002,mp-581345,-2.984836285,0.0,,,
1001255,data/raw/cif/1/00/12/1001255.cif,Cs24Nb47.68O131.2,236,3,3274.64463744,4.928217811423572,18.315,24.506,7.296,90.0,90.0,90.0,,,,,,
1001256,data/raw/cif/1/00/12/1001256.cif,Sn2.6W10O30,102,3,574.739375,7.59001874396855,12.25,12.25,3.83,90.0,90.0,90.0,,,,,,
1001257,data/raw/cif/1/00/12/1001257.cif,Dy5(ReO6)2,44,3,502.3068689708604,9.103628386950264,12.425,7.511,5.653,90.0,90.0,107.79999999999998,mp-1225661,-3.354670727017543,0.0,,,
1001258,data/raw/cif/1/00/12/1001258.cif,La1.98Mn2Al22O38,82,4,592.1682766059465,4.4487556594744255,5.574,5.574,22.008,90.0,90.0,120.0,,,,,,
1001259,data/raw/cif/1/00/12/1001259.cif,La1.8Al23.76O38,70,3,592.6711939942204,4.200127973819658,5.577,5.577,22.003,90.0,90.0,120.0,,,,,,
1001260,data/raw/cif/1/00/12/1001260.cif,La1.66Al23.08O37.04,90,3,587.4266356990453,4.087371981357478,5.55,5.55,22.021,90.0,90.0,120.0,,,,,,
1001269,data/raw/cif/1/00/12/1001269.cif,Ba2Ti3Nb4O18,54,4,678.7840273394331,5.273679724849593,10.0,9.959,7.315,90.0,111.29000000000002,90.0,mp-1228588,-3.304524156666667,0.008893637314814,,,
1001270,data/raw/cif/1/00/12/1001270.cif,Ti5.9994Nb12.0006O42,60,3,794.4546845717375,4.335164202539082,20.351,3.801,11.882,90.0,120.19,90.0,,,,,,
1001271,data/raw/cif/1/00/12/1001271.cif,Na1.5P4W8O32,48,4,611.4237449463633,5.814867107349408,17.788,5.277,6.607,90.0,99.64,90.0,,,,,,
1001272,data/raw/cif/1/00/12/1001272.cif,Na1.7P4W12O44,64,4,827.2083752499743,6.168806570274742,23.774999999999995,5.291,6.588,90.0,93.47,90.0,,,,,,
1001273,data/raw/cif/1/00/12/1001273.cif,Ba0.9W6O18,26,3,338.666387808,7.426457384014828,8.859,10.039,3.808,90.0,90.0,90.0,,,,,,
1001274,data/raw/cif/1/00/12/1001274.cif,K4.0002Ba0.9999Ta6Si4O26,42,5,553.5933266188962,5.72235370205106,9.047,9.047,7.81,90.0,90.0,120.0,,,,,,
1001275,data/raw/cif/1/00/12/1001275.cif,K3Ba1.5Ta6Si4O26,42,5,550.711826672018,5.841459461590001,9.035,9.035,7.79,90.0,90.0,120.0,,,,,,
1001276,data/raw/cif/1/00/12/1001276.cif,K9.996Nb22Ge4O68,106,4,1438.8156151481132,4.400918779500285,9.112,9.112,20.01,90.0,90.0,120.0,,,,,,
1001277,data/raw/cif/1/00/12/1001277.cif,Ba6Ti8.0004Sb7.9996O42,64,4,825.4730910837577,5.739000527660631,8.966,8.966,11.857,90.0,90.0,120.0,,,,,,
1001278,data/raw/cif/1/00/12/1001278.cif,Sr3Ti4Nb4O21,64,4,812.6216205260072,4.748700366076704,8.992,8.992,11.605,90.0,90.0,120.0,,,,,,
1001361,data/raw/cif/1/00/13/1001361.cif,KMo2(PO4)3,144,4,1990.934195994,3.4422411912359903,17.6398,9.1761,12.3,90.0,90.0,90.0,mp-560013,-2.478907365621031,0.033877776666695,,,
1001300,data/raw/cif/1/00/13/1001300.cif,Ba6Ta7.9996Ti8.0004O42,64,4,831.4623914418464,6.643260772598875,9.024,9.024,11.79,90.0,90.0,120.0,,,,,,
1001362,data/raw/cif/1/00/13/1001362.cif,RbMo2(PO4)3,72,4,1003.774695661152,3.7205872301958154,8.8314,9.2368,12.3051,90.0,90.0,90.0,mp-14530,-2.503606212023809,0.009755042916676001,,,
1001301,data/raw/cif/1/00/13/1001301.cif,Ba6Ta12.0004Fe3.9996O42,64,4,858.577905810574,7.524917727271277,9.116,9.116,11.93,90.0,90.0,120.0,,,,,,
1001363,data/raw/cif/1/00/13/1001363.cif,Si2Mo4P6O25,111,4,1385.5118275172597,3.688121927774096,14.705,14.705,7.3986,90.0,90.0,120.0,mp-557690,-2.6186527306177902,0.0,,,
1001302,data/raw/cif/1/00/13/1001302.cif,K3Nb3Ge2O13,42,4,593.8668152649421,4.190229335407749,9.188,9.188,8.123,90.0,90.0,120.0,mp-541626,-2.622575167702382,0.035010538227493004,,,
1001364,data/raw/cif/1/00/13/1001364.cif,Na3U2.9988O10.476,63,3,236.5455390541177,6.671625775839223,3.911,3.911,17.857,90.0,90.0,120.0,,,,,,
1001303,data/raw/cif/1/00/13/1001303.cif,Ba6Ti10Nb6.4O42,66,4,831.1482037993004,5.132983058378389,9.02,9.02,11.796,90.0,90.0,120.0,,,,,,
1001366,data/raw/cif/1/00/13/1001366.cif,Ba4Ca3.88Tl3.636Cu6O21.88,42,6,527.681,6.85792773451496,3.85,3.85,35.6,90.0,90.0,90.0,,,,,,
1001304,data/raw/cif/1/00/13/1001304.cif,Ba6Ta6.4Ti10O42,66,4,832.285345020212,6.2501716785239765,9.017,9.017,11.82,90.0,90.0,120.0,,,,,,
1001365,data/raw/cif/1/00/13/1001365.cif,Sr1.6La6.4Cu8O20,36,4,454.446914354751,6.787421455733178,10.8461,10.8461,3.8631,90.0,90.0,90.0,,,,,,
1001305,data/raw/cif/1/00/13/1001305.cif,RbTi3NbO9,28,4,362.915839922,4.264134763543847,6.407,3.797,14.918,90.0,90.0,90.0,mp-1219552,-3.269866175178571,0.007985448750028,,,
1001367,data/raw/cif/1/00/13/1001367.cif,Ba2Ca0.9Tl1.1Cu1.9O7,13,5,186.29315252,6.84811721681503,3.833,3.833,12.68,90.0,90.0,90.0,,,,,,
1001306,data/raw/cif/1/00/13/1001306.cif,Ge2N2O,20,3,273.58401532,4.595708407855671,9.317,5.752,5.105,90.0,90.0,90.0,mp-4187,-0.817928909,0.0018014144999980001,,,
1001368,data/raw/cif/1/00/13/1001368.cif,Si2Ge3P6O25,72,4,913.8710093174074,3.1250107954785658,7.994,7.994,16.513,90.0,90.0,120.0,mp-555982,-2.6129489563293653,0.0,,,
1001307,data/raw/cif/1/00/13/1001307.cif,Ge2N2O,20,3,273.12692211,4.603399583416624,9.315,5.747,5.102,90.0,90.0,90.0,mp-4187,-0.817928909,0.0018014144999980001,,,
1001379,data/raw/cif/1/00/13/1001379.cif,Ba2Y1Cu2.933O6.968,14,5,174.103308612,6.30844150336065,3.862,3.862,11.673,90.0,90.0,90.0,,,,,,
1001308,data/raw/cif/1/00/13/1001308.cif,Ge2N2O,20,3,272.358460044,4.616388120486207,9.306,5.742,5.097,90.0,90.0,90.0,mp-4187,-0.817928909,0.0018014144999980001,,,
1001380,data/raw/cif/1/00/13/1001380.cif,KMo2P3O13,38,4,537.4568286354121,1.6433451842692646,8.846,8.846,10.01,56.488,55.58800000000002,68.868,mp-558283,-2.46487879137782,0.0036460881578740004,,,
1001309,data/raw/cif/1/00/13/1001309.cif,Ge2N2O,20,3,271.573306176,4.629734700973171,9.298,5.736,5.092,90.0,90.0,90.0,mp-4187,-0.817928909,0.0018014144999980001,,,
1001381,data/raw/cif/1/00/13/1001381.cif,K3U3.006O10.5,63,3,269.1687599247636,6.174094342418704,3.96,3.96,19.82,90.0,90.0,120.0,,,,,,
1001310,data/raw/cif/1/00/13/1001310.cif,Ge2N2O,20,3,270.85590293300004,4.641997260706009,9.287,5.731,5.089,90.0,90.0,90.0,mp-4187,-0.817928909,0.0018014144999980001,,,
1001382,data/raw/cif/1/00/13/1001382.cif,Ca3Fe6(SnO8)2,28,4,305.23032925,5.161273882310291,9.265,10.945,3.01,90.0,90.0,90.0,mp-1228383,-2.119550264814814,0.078118197916674,,,
1001311,data/raw/cif/1/00/13/1001311.cif,Ge2N2O,20,3,270.07552683,4.655410189211474,9.274,5.727,5.085,90.0,90.0,90.0,mp-4187,-0.817928909,0.0018014144999980001,,,
1001383,data/raw/cif/1/00/13/1001383.cif,BaNb6O17,48,3,709.9062201999999,4.522666613527102,8.62,21.61,3.811,90.0,90.0,90.0,mp-1191444,-2.8877415527083343,0.088248636071432,,,
1001312,data/raw/cif/1/00/13/1001312.cif,Ge2N2O,20,3,269.2477216,4.669723301610434,9.266,5.72,5.08,90.0,90.0,90.0,mp-4187,-0.817928909,0.0018014144999980001,,,
1001384,data/raw/cif/1/00/13/1001384.cif,NaTiP2O7,44,4,541.8520954422416,3.0008197615988057,8.697,5.239,13.293,90.0,116.54,90.0,mp-17461,-2.840055451045305,0.058885609514072006,,,
1001313,data/raw/cif/1/00/13/1001313.cif,Ge2N2O,20,3,268.49757445000006,4.682769898523523,9.259,5.714,5.075,90.0,90.0,90.0,mp-4187,-0.817928909,0.0018014144999980001,,,
1001385,data/raw/cif/1/00/13/1001385.cif,NaTiP2O7,44,4,529.7108527909669,3.0696000795521723,7.394,7.936,9.726,90.0,111.85,90.0,mp-17461,-2.840055451045305,0.058885609514072006,,,
1001314,data/raw/cif/1/00/13/1001314.cif,Ge2N2O,20,3,268.173721998,4.688424913871374,9.261,5.707,5.074,90.0,90.0,90.0,mp-4187,-0.817928909,0.0018014144999980001,,,
1001386,data/raw/cif/1/00/13/1001386.cif,TaVO5,28,3,453.22809728,4.570762688034107,11.86,5.516,6.928,90.0,90.0,90.0,mp-18137,-2.889145934976198,0.0,,,
1001315,data/raw/cif/1/00/13/1001315.cif,Ge2N2O,20,3,267.542643858,4.699483945177597,9.254,5.699,5.073,90.0,90.0,90.0,mp-4187,-0.817928909,0.0018014144999980001,,,
1001387,data/raw/cif/1/00/13/1001387.cif,MoP2O7,40,3,501.323088384,3.575752355604435,7.944,7.944,7.944,90.0,90.0,90.0,mp-26616,-2.50622534217857,0.0,,,
1001316,data/raw/cif/1/00/13/1001316.cif,Ge2N2O,20,3,266.818560176,4.712237254528639,9.247,5.689,5.072,90.0,90.0,90.0,mp-4187,-0.817928909,0.0018014144999980001,,,
1001388,data/raw/cif/1/00/13/1001388.cif,KFeP2O7,44,4,576.4436586895326,3.098285409381049,7.3523,9.9875,8.1872,90.0,106.498,90.0,mp-541673,-2.535213072866876,0.0,,,
1001317,data/raw/cif/1/00/13/1001317.cif,Sn2.6W10O30,102,3,574.739375,7.59001874396855,12.25,12.25,3.83,90.0,90.0,90.0,,,,,,
1001389,data/raw/cif/1/00/13/1001389.cif,Rb2ZnCl4,28,3,838.5425721600001,2.9954057399968788,7.23,12.608,9.199,90.0,90.0,90.0,mp-568350,-2.016078712738095,0.0,,,
1001318,data/raw/cif/1/00/13/1001318.cif,Cd1.5As0.5I1.5,4,3,126.12753200619534,5.219274040172222,4.466,4.466,7.302,90.0,90.0,120.0,,,,,,
1001390,data/raw/cif/1/00/13/1001390.cif,Rb2ZnCl4,28,3,845.7633797980001,2.969832099469377,7.253,12.646,9.221,90.0,90.0,90.0,mp-568350,-2.016078712738095,0.0,,,
1001319,data/raw/cif/1/00/13/1001319.cif,Cd1.5P0.5I1.5,4,3,122.6045744801602,5.071634604096792,4.422,4.422,7.24,90.0,90.0,120.0,,,,,,
1001391,data/raw/cif/1/00/13/1001391.cif,RbMoP2O7,44,4,629.5072805239154,3.7494366965575914,7.5237,10.3537,8.3998,90.0,105.832,90.0,mp-16856,-2.5987074315259733,0.0,,,
1001320,data/raw/cif/1/00/13/1001320.cif,Cd8As3PI6,72,4,2174.2638838750004,5.854571265569197,12.955,12.955,12.955,90.0,90.0,90.0,,,,,,
1001392,data/raw/cif/1/00/13/1001392.cif,UNi7(BO4)4,56,4,532.8832922,5.90893175339274,5.861,20.2,4.501,90.0,90.0,90.0,mp-578723,-2.157572787559523,0.0,,,
1001321,data/raw/cif/1/00/13/1001321.cif,Cd4AsPI3,72,4,2138.711223104,5.815406173571282,12.884,12.884,12.884,90.0,90.0,90.0,mp-1214033,-0.45795983662698303,0.016623776944443003,,,
1001393,data/raw/cif/1/00/13/1001393.cif,KMoP3WO12,72,5,999.97512044752,4.010583167392088,8.818,9.1574,12.3836,90.0,90.0,90.0,mp-1223809,-2.542481697426588,0.002334371527776,,,
1001322,data/raw/cif/1/00/13/1001322.cif,Cd8As(PI2)3,72,4,2118.358441107,5.733480135686556,12.843,12.843,12.843,90.0,90.0,90.0,,,,,,
1001394,data/raw/cif/1/00/13/1001394.cif,Si4Mo2P4O23,33,4,453.2488504144702,2.9166329820566554,8.414999999999997,5.215,11.19,77.77,77.77,73.11000000000001,mp-553934,-2.742999059805186,0.004899533602731001,,,
1001323,data/raw/cif/1/00/13/1001323.cif,Cd4AsPBr3,72,4,1962.9852967610004,5.381786438815582,12.521,12.521,12.521,90.0,90.0,90.0,,,,,,
1001395,data/raw/cif/1/00/13/1001395.cif,K7Ti8(PO4)12,76,4,957.389952090879,3.115547483535555,9.8559,9.8559,9.8559,90.0,90.0,90.0,mp-1223973,-2.981201487375078,0.005476063596195,,,
1001396,data/raw/cif/1/00/13/1001396.cif,K2Ti2(PO4)3,76,4,961.154144796672,3.170894207944189,9.8688,9.8688,9.8688,90.0,90.0,90.0,mp-6696,-2.966227941320802,0.006062380872167,,,
1001325,data/raw/cif/1/00/13/1001325.cif,Nb28.9Tl9.999O78,142,3,1789.333100147385,5.546389476336894,7.532,7.532,36.42,90.0,90.0,120.0,,,,,,
1001397,data/raw/cif/1/00/13/1001397.cif,BaLaZnRuO6,20,5,255.61053204019413,6.999284870851964,5.6479,5.6672,7.9859,90.0,90.1,90.0,mp-39259,-2.4701412895,0.042115497666665,,,
1001326,data/raw/cif/1/00/13/1001326.cif,H(S11N)2,66,3,1240.3536291741589,1.9665119940071605,10.883,10.73,10.674,90.0,95.67,90.0,,,,,,
1001398,data/raw/cif/1/00/13/1001398.cif,BaLaZnRuO6,20,5,254.3085586516323,7.035118830546952,5.6364,5.6621,7.9686,90.0,90.077,90.0,mp-39259,-2.4701412895,0.042115497666665,,,
1001327,data/raw/cif/1/00/13/1001327.cif,BaNd2CuO5,18,4,260.825182475,7.249565031064413,6.695,6.695,5.819,90.0,90.0,90.0,mp-6704,-2.965151688888888,0.021025534722221,,,
1001399,data/raw/cif/1/00/13/1001399.cif,Sr2FeRuO6,20,4,241.7982896789424,5.880621637620377,5.5379,5.5429,7.8772,90.0,90.11,90.0,mp-1218831,-2.291433211,0.0,,,
1001328,data/raw/cif/1/00/13/1001328.cif,Re2PbO8,33,3,505.75153726670646,6.969901041591414,11.276,11.276,4.593,90.0,90.0,120.0,mp-29305,-2.107438672272728,0.0,,,
1001329,data/raw/cif/1/00/13/1001329.cif,NpCo(OF2)3,44,4,662.9015329924036,4.5882956978984,12.119,6.908,7.928,90.0,92.84,90.0,,,,,,
1001330,data/raw/cif/1/00/13/1001330.cif,MgMn2(BrO2)6,42,4,1063.9287956731623,2.5146922907338323,13.477000000000002,10.031,8.428,90.0,110.966,90.0,mp-1180387,-0.521531875755336,0.43202588999999403,,,
1001331,data/raw/cif/1/00/13/1001331.cif,CsP8(WO5)8,60,4,852.1182388640001,4.855022240552353,13.061,12.319,5.296,90.0,90.0,90.0,mp-1226183,-2.416912783101719,0.040961840175452006,,,
1001332,data/raw/cif/1/00/13/1001332.cif,Np6H(OF12)2,66,4,926.9264292472174,6.846795204977965,12.023,11.723,8.435,90.0,128.77,90.0,,,,,,
1001333,data/raw/cif/1/00/13/1001333.cif,RbP2(WO4)8,86,4,1206.0214932749882,5.865801007630842,10.181,7.519,17.156,90.0,113.32,90.0,,,,,,
1001334,data/raw/cif/1/00/13/1001334.cif,Cs2Si4Mo6P11.604O50,74,5,1038.5610917615113,3.37873431420644,8.2642,8.2642,17.559,90.0,90.0,120.0,,,,,,
1001335,data/raw/cif/1/00/13/1001335.cif,PW3O11,60,3,817.6737726049199,6.161369523998717,5.2927,6.5604,23.549,90.0,90.0,90.0,mp-29318,-2.3064757154761892,0.010735109499984,,,
1001336,data/raw/cif/1/00/13/1001336.cif,P(W2O7)2,76,3,1030.461268914,6.383447895238015,5.2943,6.5534,29.7,90.0,90.0,90.0,mp-557415,-2.283761908270676,0.006848870723670001,,,
1001337,data/raw/cif/1/00/13/1001337.cif,Cs3KU8Ti4Nb4O44,80,6,1134.20794641,5.283928094586529,7.63,10.923,13.609,90.0,90.0,90.0,,,,,,
1001338,data/raw/cif/1/00/13/1001338.cif,CsUNbO6,36,4,665.8431191356045,5.5846875616244525,7.43,8.7,10.668,90.0,105.08,90.0,mp-541096,-3.235346197183908,0.0,,,
1001339,data/raw/cif/1/00/13/1001339.cif,Na2UO4,84,3,405.161382462,5.705160115140535,5.802,5.969,11.699,90.0,90.0,90.0,mp-554191,-3.022789054679803,0.0,,,
1001340,data/raw/cif/1/00/13/1001340.cif,Np2Co(O4F5)2,42,4,684.0222915471619,4.131366321606539,8.803,7.04,11.066,90.0,94.12000000000002,90.0,mp-1201801,-1.873988046309523,0.43011312035714905,,,
1001341,data/raw/cif/1/00/13/1001341.cif,Np2Cu(O3F5)2,38,4,1158.6005983293437,2.36060263838318,19.043,7.128,8.593,90.0,96.63,90.0,,,,,,
1001342,data/raw/cif/1/00/13/1001342.cif,TlMo2(PO4)3,72,4,1004.8779878400002,4.50252339490155,8.836,9.255,12.288,90.0,90.0,90.0,mp-14498,-2.385865752208995,0.0,,,
1001343,data/raw/cif/1/00/13/1001343.cif,TlMo2(PO4)3,72,4,1004.8779878400002,4.50252339490155,8.836,9.255,12.288,90.0,90.0,90.0,mp-14498,-2.385865752208995,0.0,,,
1001344,data/raw/cif/1/00/13/1001344.cif,SiMoP3O11,128,4,1634.9568685044524,3.192708226968935,14.584,8.416,14.18,90.0,110.05,90.0,mp-581326,-2.686009803526785,0.0,,,
1001345,data/raw/cif/1/00/13/1001345.cif,U(BO3)2,36,3,462.74605249081793,5.104884200156592,12.503999999999998,4.183,10.453,90.0,122.18,90.0,mp-31013,-3.156398850370367,0.0034899057407460003,,,
1001346,data/raw/cif/1/00/13/1001346.cif,Na2UO4,84,3,405.161382462,5.705160115140535,5.802,5.969,11.699,90.0,90.0,90.0,mp-554191,-3.022789054679803,0.0,,,
1001347,data/raw/cif/1/00/13/1001347.cif,CaU2(BO5)2,64,4,881.2619601005495,5.2590226742016055,16.512,8.169,6.582,90.0,96.96999999999998,90.0,mp-1227453,-3.395426235888889,0.0,,,
1001348,data/raw/cif/1/00/13/1001348.cif,Ba6Mn4.62Fe1.38O17.22,30,4,396.8030321230455,5.98572696116687,5.687,5.687,14.167,90.0,90.0,120.0,,,,,,
1001349,data/raw/cif/1/00/13/1001349.cif,KMo2(PO4)3,144,4,1990.934195994,3.4422411912359903,17.6398,9.1761,12.3,90.0,90.0,90.0,mp-560013,-2.478907365621031,0.033877776666695,,,
1001350,data/raw/cif/1/00/13/1001350.cif,RbMo2(PO4)3,72,4,1003.774695661152,3.7205872301958154,8.8314,9.2368,12.3051,90.0,90.0,90.0,mp-14530,-2.503606212023809,0.009755042916676001,,,
1001351,data/raw/cif/1/00/13/1001351.cif,Na3U2.9988O10.476,63,3,236.5455390541177,6.671625775839223,3.911,3.911,17.857,90.0,90.0,120.0,,,,,,
1001352,data/raw/cif/1/00/13/1001352.cif,Sr2Mn2O5,18,3,226.499174433,5.3535254778462535,5.523,10.761,3.811,90.0,90.0,90.0,mp-18798,-2.571303136206898,0.0,,,
1001353,data/raw/cif/1/00/13/1001353.cif,BaTi3Nb4O17,100,4,1257.398483835,4.883862430266663,6.639,8.957,21.145,90.0,90.0,90.0,,,,,,
1001354,data/raw/cif/1/00/13/1001354.cif,Li2.58Ti5.36Nb2.64Cu5.34O24,62,5,410.404311271144,5.029588031307294,7.4314,7.4314,7.4314,90.0,90.0,90.0,,,,,,
1001355,data/raw/cif/1/00/13/1001355.cif,U4Nb4Tl2O23,72,4,1111.123696419,6.278243000039828,7.713,10.329,13.947,90.0,90.0,90.0,,,,,,
1001356,data/raw/cif/1/00/13/1001356.cif,KUNbO6,80,4,1309.250566481,4.728573891021506,7.579,11.321,15.259,90.0,90.0,90.0,mp-554887,-3.225167476916665,0.0,,,
1001357,data/raw/cif/1/00/13/1001357.cif,BaCd2Cl6O5,112,4,2626.3584125730004,3.312349911187916,13.797,13.797,13.797,90.0,90.0,90.0,,,,,,
1001358,data/raw/cif/1/00/13/1001358.cif,W2O7,72,2,1063.0818218159998,5.994047795529471,10.206,10.206,10.206,90.0,90.0,90.0,mp-1178760,-1.643046974999999,0.304384675277775,,,
1001359,data/raw/cif/1/00/13/1001359.cif,NaUBO5,32,4,424.86320032,5.500329950843472,10.712,5.78,6.862,90.0,90.0,90.0,mp-557744,-3.153883217568246,0.0,,,
1001360,data/raw/cif/1/00/13/1001360.cif,MgUB2O7,44,4,564.048801855,4.662669483196268,9.747,7.315,7.911,90.0,90.0,90.0,mp-557384,-3.205660014621211,0.0,,,
1001369,data/raw/cif/1/00/13/1001369.cif,NaMoP2O7,44,4,544.9033630895533,3.570007062312552,7.419500000000001,8.1084,9.7598,90.0,111.86799999999998,90.0,mp-18435,-2.56320403869682,0.0,,,
1001370,data/raw/cif/1/00/13/1001370.cif,Li2ZrTeO6,30,4,320.7770996347667,5.104695857677223,5.172,5.172,13.847,90.0,90.0,120.0,mp-6782,-2.496664910333334,0.012301818249996,,,
1001371,data/raw/cif/1/00/13/1001371.cif,K2V3P4O17,104,4,1440.75828268424,2.89014980987058,17.407,11.3438,7.2964,90.0,90.0,90.0,mp-1224467,-2.633798982425823,0.018326304495197003,,,
1001372,data/raw/cif/1/00/13/1001372.cif,NaAgMoO4,28,4,413.6516513184,4.669411107817261,10.384,7.122,5.5933,90.0,90.0,90.0,,,,,,
1001373,data/raw/cif/1/00/13/1001373.cif,Ba2Ca2Tl0.93Cu3O8.84,19,5,234.64821568,6.205992025594083,3.844,3.844,15.88,90.0,90.0,90.0,,,,,,
1001374,data/raw/cif/1/00/13/1001374.cif,CaCoP2O7,22,4,256.36463372632653,3.535991967765881,6.5476,6.544100000000001,6.5743,66.407,83.264,87.579,mp-1041999,-2.725268855389609,0.008339579188314001,,,
1001375,data/raw/cif/1/00/13/1001375.cif,BaCoP2O7,22,4,280.092560626966,4.389530413625583,5.323,7.5799,7.1174,101.21699999999998,84.191,89.319,mp-19278,-2.753409940389611,0.0,,,
1001376,data/raw/cif/1/00/13/1001376.cif,Ba1.5La1.5Cu3O7.02,14,4,178.94113357703202,6.6564282345258325,3.9098,3.9098,11.7058,90.0,90.0,90.0,,,,,,
1001377,data/raw/cif/1/00/13/1001377.cif,Ba2Y1Cu2.98O6.92,14,5,173.492112394,6.351901221727895,3.863,3.863,11.626,90.0,90.0,90.0,,,,,,
1001378,data/raw/cif/1/00/13/1001378.cif,Ba2Y1Cu2.978O6.96,14,5,172.43303994,6.39585328298554,3.858,3.858,11.585,90.0,90.0,90.0,,,,,,
1001461,data/raw/cif/1/00/14/1001461.cif,RbNb3(PO5)3,92,4,1272.51663264,3.638649491866786,13.352,14.76,6.457,90.0,90.0,90.0,mp-1219682,-2.896907866087662,0.0,,,
1001400,data/raw/cif/1/00/14/1001400.cif,Sr2FeRuO6,20,4,239.2213968740817,5.94396769187851,5.5092,5.5138,7.8752,90.0,90.12999999999998,90.0,mp-1218831,-2.291433211,0.0,,,
1001462,data/raw/cif/1/00/14/1001462.cif,La0.86Gd0.924Mg1.27Al22.006O36.92,84,5,587.0927679669484,4.186269260910293,5.565,5.565,21.89,90.0,90.0,120.0,,,,,,
1001401,data/raw/cif/1/00/14/1001401.cif,BaLaNiRuO6,20,5,250.6354444312801,7.04923400361794,5.6093,5.6154,7.9571,90.0,90.16,90.0,mp-622618,-2.372736589499999,0.039392856166665005,,,
1001463,data/raw/cif/1/00/14/1001463.cif,TlMo2P3O13,80,4,1136.453697776492,4.074743364774593,9.7536,19.064,6.3945,90.0,107.099,90.0,mp-1217181,-2.356162778934846,0.0,,,
1001402,data/raw/cif/1/00/14/1001402.cif,BaLaNiRuO6,20,5,248.04520919174223,7.122846287392405,5.5964,5.5879,7.9319,89.80300000000001,90.1,90.09,mp-622618,-2.372736589499999,0.039392856166665005,,,
1001464,data/raw/cif/1/00/14/1001464.cif,KVPO5,64,4,854.2662023001599,3.125825561801027,12.764,10.5153,6.3648,90.0,90.0,90.0,mp-559431,-2.651377639611606,0.0,,,
1001466,data/raw/cif/1/00/14/1001466.cif,SrCoP2O7,44,4,556.4588715174418,3.825598034234447,5.3165,8.2574,12.6755,90.0,90.133,90.0,mp-17107,-2.762650104707792,0.0,,,
1001404,data/raw/cif/1/00/14/1001404.cif,Sr1.6Pr0.6Tl0.8Cu1O5,9,5,124.206343875,7.109554823684135,3.741,3.741,8.875,90.0,90.0,90.0,,,,,,
1001465,data/raw/cif/1/00/14/1001465.cif,Mg4.32Co3.68P8O28,44,4,480.5072077572748,3.516782563331701,6.976999999999999,8.33,9.032,90.0,113.74,90.0,,,,,,
1001405,data/raw/cif/1/00/14/1001405.cif,KMoP2O7,44,4,609.9263527512006,3.364839416536192,7.3758,10.348,8.351,90.0,106.88,90.0,mp-18497,-2.597764701730518,0.0,,,
1001467,data/raw/cif/1/00/14/1001467.cif,Mo2P4O15,44,3,556.526178656164,3.316542046994849,8.3068,6.5262,10.7181,90.0,106.705,90.0,mp-1221698,-2.429425850408163,0.001172548142884,,,
1001406,data/raw/cif/1/00/14/1001406.cif,KMo4(P2O7)4,168,4,2227.9536352355994,3.3349553410969524,21.278,21.278,4.9209,90.0,90.0,90.0,mp-1223988,-2.5218300325461662,0.009762734268292,,,
1001468,data/raw/cif/1/00/14/1001468.cif,NaVPO5,16,4,356.09171470846684,1.7244829586359784,6.529599999999999,8.4643,7.1228,90.0,115.237,90.0,mp-19291,-2.63002029169027,0.0,,,
1001407,data/raw/cif/1/00/14/1001407.cif,KNb3(PO5)3,92,4,1267.3801571640502,3.410380467841704,13.3085,14.7382,6.4615,90.0,90.0,90.0,mp-1223540,-2.891114570053571,0.0,,,
1001479,data/raw/cif/1/00/14/1001479.cif,Sr2Nd2Cu2O7.12,14,4,179.88463051479002,6.505472780540226,3.7431,3.7431,12.839,90.0,90.0,90.0,,,,,,
1001408,data/raw/cif/1/00/14/1001408.cif,RbMo2P3O13,76,4,1134.458244363702,3.385670516187206,6.384699999999999,19.088,9.7366,90.0,107.05,90.0,mp-15405,-2.469273522048873,0.0,,,
1001480,data/raw/cif/1/00/14/1001480.cif,Sr2.42Nd3.58Cu4O12,22,4,289.25252617700005,6.743156672308465,3.8365,3.8365,19.652,90.0,90.0,90.0,,,,,,
1001409,data/raw/cif/1/00/14/1001409.cif,Sr2YCu2BiPbO8,60,6,885.47700384,7.016740457774391,5.385,5.424,30.316,90.0,90.0,90.0,mp-1219942,-2.248471217666666,0.0,,,
1001481,data/raw/cif/1/00/14/1001481.cif,Na6Nb8(PO7)5,162,4,2070.289108186585,3.8404528479741855,8.9185,8.9185,30.055,90.0,90.0,120.0,mp-553959,-2.8705786356757432,0.0,,,
1001410,data/raw/cif/1/00/14/1001410.cif,Na8Ca3.112U3.688O17.52,40,4,563.2189188330599,4.324571285864712,8.258,8.271,8.25,90.0,91.78000000000002,90.0,,,,,,
1001482,data/raw/cif/1/00/14/1001482.cif,Ba2Ce1.8Nd2Fe2.2Cu1.8O14,24,6,318.22814784687495,6.661294140861852,3.9025,3.9025,20.8955,90.0,90.0,90.0,,,,,,
1001411,data/raw/cif/1/00/14/1001411.cif,Sr2Ca0.91Tl0.59Cu2Pb0.5O7,16,6,174.17809035,6.435016252407856,3.795,3.795,12.094,90.0,90.0,90.0,,,,,,
1001483,data/raw/cif/1/00/14/1001483.cif,Ba3.2La4.8Tl2Cu4O18,32,5,458.310539876,7.4533498925326205,3.811,3.811,31.556,90.0,90.0,90.0,,,,,,
1001412,data/raw/cif/1/00/14/1001412.cif,Sr2.46Ca0.5Y0.5Cu2Pb0.46O6.3,13,6,173.478905523,5.7741843377681805,3.817,3.817,11.907,90.0,90.0,90.0,,,,,,
1001484,data/raw/cif/1/00/14/1001484.cif,Ba2Ca0.8Nd0.2Tl0.96Cu2O6.86,19,6,188.17714747745492,6.7825697165362575,3.85638,3.85638,12.6534,90.0,90.0,90.0,,,,,,
1001413,data/raw/cif/1/00/14/1001413.cif,LiUBO5,32,4,402.5225360495722,5.540781328741666,5.767,10.574,6.835,90.0,105.04,90.0,mp-556156,-3.179332528124998,0.004834398125,,,
1001485,data/raw/cif/1/00/14/1001485.cif,Ba2Ca0.5Nd0.5Tl0.948Cu2O6.86,19,6,189.43738702988804,6.9898689092038975,3.87677,3.87677,12.6045,90.0,90.0,90.0,,,,,,
1001414,data/raw/cif/1/00/14/1001414.cif,AlMoP4O9,60,4,673.954959873,3.85163568819242,8.803,8.803,8.697,90.0,90.0,90.0,,,,,,
1001486,data/raw/cif/1/00/14/1001486.cif,Ba2Nd1Tl0.96Cu2O6.96,19,5,190.9933442163996,7.42097115361665,3.91021,3.91021,12.4916,90.0,90.0,90.0,,,,,,
1001415,data/raw/cif/1/00/14/1001415.cif,Hg4As2I3,72,3,2196.4930389990004,8.06143271922624,12.999,12.999,12.999,90.0,90.0,90.0,mp-28590,-0.287033417638891,0.008677718194443,,,
1001487,data/raw/cif/1/00/14/1001487.cif,SrLaTlCuO5,9,5,126.377008737056,7.548047044537662,3.7796,3.7796,8.8466,90.0,90.0,90.0,mp-1218170,-2.289667675925927,0.023727071398805002,,,
1001416,data/raw/cif/1/00/14/1001416.cif,La1.93Al33.38Fe2.62O38,84,4,594.9639295191523,5.367138565930125,5.586,5.586000000000001,22.017,90.0,90.0,120.0,,,,,,
1001488,data/raw/cif/1/00/14/1001488.cif,Sr1.4La0.6Tl1Cu1O5,9,5,125.44352132155,7.332662436159284,3.7535,3.7535,8.9038,90.0,90.0,90.0,,,,,,
1001417,data/raw/cif/1/00/14/1001417.cif,K14Nb28.272P17.728O120,180,4,2523.4211792174,3.7134170910667614,36.883,10.603,6.4526,90.0,90.0,90.0,,,,,,
1001489,data/raw/cif/1/00/14/1001489.cif,Sr1La0.7Tl1.3Cu1O5,9,5,126.121247241444,7.821982237977756,3.7713,3.7713,8.8676,90.0,90.0,90.0,,,,,,
1001418,data/raw/cif/1/00/14/1001418.cif,Hg9P5I6,80,5,2417.128807540416,7.478844263010279,13.112,12.486,17.031,90.0,119.9,90.0,mp-569421,-0.26540480128571703,0.0007352209642840001,,,
1001490,data/raw/cif/1/00/14/1001490.cif,Ba2Ca0.09Y0.91Fe0.09Cu2.91O7.01,14,6,173.81588476898398,6.317363388757424,3.8602,3.8602,11.6646,90.0,90.0,90.0,,,,,,
1001419,data/raw/cif/1/00/14/1001419.cif,BaNb6O17,48,3,709.9062201999999,4.522666613527102,8.62,21.61,3.811,90.0,90.0,90.0,mp-1191444,-2.8877415527083343,0.088248636071432,,,
1001491,data/raw/cif/1/00/14/1001491.cif,Ba2Ca0.12Y0.88Fe0.12Cu2.88O6.98,14,6,173.95162754759997,6.291663047204393,3.8604,3.8604,11.6725,90.0,90.0,90.0,,,,,,
1001420,data/raw/cif/1/00/14/1001420.cif,Ba4Ca2.14Tl3.86Cu4O16,30,5,437.8694448,7.334978479862587,3.86,3.86,29.388,90.0,90.0,90.0,,,,,,
1001492,data/raw/cif/1/00/14/1001492.cif,Ba2Ca0.15Y0.85Fe0.15Cu2.85O7.12,14,6,173.880356238592,6.2994375434221945,3.8608,3.8608,11.6653,90.0,90.0,90.0,,,,,,
1001421,data/raw/cif/1/00/14/1001421.cif,Ba2Y(CuO2)3,12,4,177.04784270000002,6.098198871259883,3.865,3.865,11.852,90.0,90.0,90.0,mp-22215,-2.229420791666667,0.010230860374991001,,,
1001493,data/raw/cif/1/00/14/1001493.cif,Ba2Ca0.24Y0.76Fe0.24Cu2.76O7.04,14,6,174.508904378331,6.216157765472834,3.8637,3.8637,11.6899,90.0,90.0,90.0,,,,,,
1001422,data/raw/cif/1/00/14/1001422.cif,Ba2Y1Fe0.16Cu2.8O6.92,14,5,173.492112394,6.327943578493989,3.863,3.863,11.626,90.0,90.0,90.0,,,,,,
1001494,data/raw/cif/1/00/14/1001494.cif,Ba2Ca0.09Y0.91Fe0.09Cu2.91O6,12,7,176.002299507056,6.086425033975428,3.8588,3.8588,11.8199,90.0,90.0,90.0,,,,,,
1001423,data/raw/cif/1/00/14/1001423.cif,Ba2Y1Fe0.16Cu2.8O6.96,14,5,172.43303994,6.372972395989302,3.858,3.858,11.585,90.0,90.0,90.0,,,,,,
1001495,data/raw/cif/1/00/14/1001495.cif,Ba2Ca0.24Y0.76Fe0.24Cu2.76O6,12,7,176.204128667328,5.999544705112726,3.8616,3.8616,11.8163,90.0,90.0,90.0,,,,,,
1001424,data/raw/cif/1/00/14/1001424.cif,Ba2Y1Fe0.16Cu2.8O6.968,14,5,174.103308612,6.313053746576637,3.862,3.862,11.673,90.0,90.0,90.0,,,,,,
1001496,data/raw/cif/1/00/14/1001496.cif,Ba2Ca0.09Y0.91Fe0.09Cu2.91O7.05,14,6,170.51804749548103,6.445774087369594,3.8227,3.8227,11.6689,90.0,90.0,90.0,,,,,,
1001425,data/raw/cif/1/00/14/1001425.cif,KMo2P3O13,80,4,1117.3868645337536,3.1617593480810267,9.701,18.848,6.389,90.0,106.96,90.0,mp-558283,-2.46487879137782,0.0036460881578740004,,,
1001497,data/raw/cif/1/00/14/1001497.cif,Ba2Ca0.24Y0.76Fe0.24Cu2.76O7.07,14,6,170.772020363667,6.3568487838178696,3.8263,3.8263,11.6643,90.0,90.0,90.0,,,,,,
1001426,data/raw/cif/1/00/14/1001426.cif,K3Nb4Mo4(PO4)12,72,5,1013.3131529277962,3.297661544006573,8.8518,9.1453,12.5174,90.0,90.0,90.0,mp-1224474,-2.67793430038682,0.038323069788750004,,,
1001498,data/raw/cif/1/00/14/1001498.cif,Rb6V6P6O31,104,4,1375.319013433344,3.622829541921592,7.0656,13.4988,14.4198,90.0,90.0,90.0,mp-1210240,-2.618424845670555,0.0,,,
1001427,data/raw/cif/1/00/14/1001427.cif,K1Al0.5Mo1.5P4O14,21,5,264.8003307564288,3.4137938935211904,4.8171,7.133,7.998,90.53,92.95000000000002,105.18,,,,,,
1001499,data/raw/cif/1/00/14/1001499.cif,SrTl2O4,28,3,399.42008211034994,9.318909082276877,10.0411,11.6975,3.4006,90.0,90.0,90.0,mp-4655,-1.719419101666666,0.0,,,
1001428,data/raw/cif/1/00/14/1001428.cif,CaCuP2O7,44,4,518.0841006189597,3.558583521145859,5.2104,8.0574,12.344,90.0,91.356,90.0,mp-14694,-2.631960237889609,0.0,,,
1001429,data/raw/cif/1/00/14/1001429.cif,BaMo2(PO4)3,108,4,1459.7982176928451,4.191423351491507,8.399,8.399,23.895,90.0,90.0,120.0,mp-541255,-2.663804371884921,0.013788926250017002,,,
1001430,data/raw/cif/1/00/14/1001430.cif,KVP2O7,44,4,581.2602113944853,3.016578684344549,7.3686,10.0527,8.1874,90.0,106.58,90.0,mp-16812,-2.741560270139611,0.0,,,
1001431,data/raw/cif/1/00/14/1001431.cif,Ba2Y1Cu3O6.04,14,5,175.133073992357,6.170939817515412,3.8519,3.8519,11.8037,90.0,90.0,90.0,,,,,,
1001432,data/raw/cif/1/00/14/1001432.cif,Ba2Y1Cu3O7.34,15,4,173.368598738735,6.432961823479226,3.8657,3.8657,11.6015,90.0,90.0,90.0,,,,,,
1001433,data/raw/cif/1/00/14/1001433.cif,Ba1.5La1.5Cu3O7.36,15,4,178.035987115008,6.7410068441382,3.9024,3.9024,11.6908,90.0,90.0,90.0,,,,,,
1001434,data/raw/cif/1/00/14/1001434.cif,Ba2Nd1Cu3O6.85,14,4,450.62016210584994,2.649999663558417,3.8687,9.915,11.7477,90.0,90.0,90.0,,,,,,
1001435,data/raw/cif/1/00/14/1001435.cif,Ba2Y1Cu3O6.92,14,4,172.810778077245,6.389156887515103,3.8179,3.8801,11.6655,90.0,90.0,90.0,,,,,,
1001436,data/raw/cif/1/00/14/1001436.cif,Ba2Er1Cu3O6.99,14,4,172.240455721088,7.176498509462747,3.8123,3.8756,11.6576,90.0,90.0,90.0,,,,,,
1001437,data/raw/cif/1/00/14/1001437.cif,LiCaFe3SnO8,28,5,304.7743683,5.026268624695129,9.285,10.869,3.02,90.0,90.0,90.0,mp-1176820,-2.078634375595237,0.049078409285724,,,
1001438,data/raw/cif/1/00/14/1001438.cif,La4Mo30.8O56,104,3,1025.70532251264,7.1338542689676885,11.1708,9.9848,9.196,90.0,90.0,90.0,,,,,,
1001439,data/raw/cif/1/00/14/1001439.cif,Na0.6Mo2P4O14,22,4,270.3970122908932,3.399478586546075,4.8813,7.011,8.2563,91.4,92.466,106.551,,,,,,
1001440,data/raw/cif/1/00/14/1001440.cif,Mg2.999Ti4.001P6O24,37,4,414.4366161892179,3.3425602718091185,6.391099999999999,7.961599999999999,9.4299,67.614,69.348,79.327,,,,,,
1001441,data/raw/cif/1/00/14/1001441.cif,K3Nb6(P2O13)2,312,4,4371.80175275992,3.690765202011855,14.7484,31.582,9.3859,90.0,90.0,90.0,,,,,,
1001442,data/raw/cif/1/00/14/1001442.cif,Sr2.5Y1Cu2Pb0.5O6.6,13,5,174.00005279018998,6.148228877539242,3.8253,3.8253,11.891,90.0,90.0,90.0,,,,,,
1001443,data/raw/cif/1/00/14/1001443.cif,ThB2O5,64,3,805.4390235152895,5.503091532196833,11.545,6.937,10.263,90.0,101.5,90.0,mp-28641,-3.414352945104166,0.0,,,
1001444,data/raw/cif/1/00/14/1001444.cif,TeMo5O16,46,3,587.71873251,4.878277168064172,20.01,4.065,7.2254,90.0,90.0,90.0,mp-27531,-1.873891724962122,0.006427703977280001,,,
1001445,data/raw/cif/1/00/14/1001445.cif,NaMo2P3O13,38,4,493.09189945031954,3.4739092142537635,6.352,7.448,10.991,75.08,85.33,79.1,mp-559036,-2.441780106068837,0.007551123070173001,,,
1001446,data/raw/cif/1/00/14/1001446.cif,NaMo2P3O13,76,4,986.263277971028,3.473629265601987,6.3682,22.2546,8.6172,90.0,126.139,90.0,mp-559036,-2.441780106068837,0.007551123070173001,,,
1001447,data/raw/cif/1/00/14/1001447.cif,Na4Nb8P6O35,146,4,1380.77961298944,3.802728348951105,8.4992,15.339,10.5913,90.0,90.0,90.0,,,,,,
1001448,data/raw/cif/1/00/14/1001448.cif,BaMo2(PO4)4,46,4,605.9483391204482,3.8863897707493145,6.4394,12.378,9.1613,90.0,123.92000000000002,90.0,mp-555876,-2.611064966024844,0.003633876847837,,,
1001449,data/raw/cif/1/00/14/1001449.cif,K4Nb8P5O34,112,4,1516.0377515225794,3.501706331574725,13.904,6.453,20.64,90.0,125.05,90.0,,,,,,
1001450,data/raw/cif/1/00/14/1001450.cif,CsNb3(PO5)3,88,4,1282.933191721032,3.854706018935098,13.4454,14.8114,6.4422,90.0,90.0,90.0,mp-1213520,-2.905110817776534,0.0,,,
1001451,data/raw/cif/1/00/14/1001451.cif,LiFeP2O7,22,4,255.22120375832492,3.080451666807865,4.8229,8.0813,6.9419,90.0,109.387,90.0,mp-19294,-2.525759379329004,0.0,,,
1001452,data/raw/cif/1/00/14/1001452.cif,Ba2YCu3O7,13,4,172.081356823904,6.4285905440847095,3.8128,3.8806,11.6303,90.0,90.0,90.0,mp-20674,-2.176878082692307,0.031375912660262004,,,
1001453,data/raw/cif/1/00/14/1001453.cif,Ba2YCu3O7,13,4,172.06773774260398,6.429099364032092,3.8124,3.8807,11.6303,90.0,90.0,90.0,mp-20674,-2.176878082692307,0.031375912660262004,,,
1001454,data/raw/cif/1/00/14/1001454.cif,Ba2YCu3O7,13,4,172.133369087794,6.426648064543459,3.8131,3.8806,11.6329,90.0,90.0,90.0,mp-20674,-2.176878082692307,0.031375912660262004,,,
1001455,data/raw/cif/1/00/14/1001455.cif,Ba2YCu3O7,13,4,172.30283482634,6.4203272360920245,3.8141,3.8812,11.6395,90.0,90.0,90.0,mp-20674,-2.176878082692307,0.031375912660262004,,,
1001456,data/raw/cif/1/00/14/1001456.cif,Ba2YCu3O7,13,4,172.683776584256,6.406163944136688,3.8164,3.8824,11.6546,90.0,90.0,90.0,mp-20674,-2.176878082692307,0.031375912660262004,,,
1001457,data/raw/cif/1/00/14/1001457.cif,Ba2YCu3O7,13,4,173.30723786464202,6.383118194725498,3.8206,3.8851,11.6757,90.0,90.0,90.0,mp-20674,-2.176878082692307,0.031375912660262004,,,
1001458,data/raw/cif/1/00/14/1001458.cif,Sr8Ce4Nd4Cu12Pb8O40.8,80,6,1096.8231276,7.435508732164174,5.442,5.462,36.9,90.0,90.0,90.0,,,,,,
1001459,data/raw/cif/1/00/14/1001459.cif,Sr12Nd6Cu12O34.56,70,4,866.5005330399781,6.19445515718743,3.7701,11.4381,20.0938,90.0,90.0,90.0,,,,,,
1001460,data/raw/cif/1/00/14/1001460.cif,Ba10.6668Bi5.3332O22.68,40,4,673.8341536629999,7.250604543930234,8.767,8.767,8.767,90.0,90.0,90.0,,,,,,
1001469,data/raw/cif/1/00/14/1001469.cif,Ba2CePtO6,40,4,594.5687361694719,7.885326588572757,8.4088,8.4088,8.4088,90.0,90.0,90.0,mp-21879,-2.800542076999999,0.0,,,
1001470,data/raw/cif/1/00/14/1001470.cif,La10Bi8O27,50,3,809.3797562095999,7.1660632496270384,12.079,16.348,4.0988,90.0,90.0,90.0,mp-758316,-2.894281256777777,0.0,,,
1001471,data/raw/cif/1/00/14/1001471.cif,La10Bi8O27,50,3,809.3797562095999,7.1660632496270384,12.079,16.348,4.0988,90.0,90.0,90.0,mp-758316,-2.894281256777777,0.0,,,
1001472,data/raw/cif/1/00/14/1001472.cif,Sr2ErRuO6,20,4,270.8618599620118,6.615692789402732,5.7626,5.7681,8.1489,90.0,90.19,90.0,mp-6294,-2.877480758499999,0.0,,,
1001473,data/raw/cif/1/00/14/1001473.cif,Sr2ErRuO6,20,4,269.61086326618505,6.646389660144089,5.749999999999999,5.7636,8.1354,90.0,90.22,90.0,mp-6294,-2.877480758499999,0.0,,,
1001474,data/raw/cif/1/00/14/1001474.cif,Ca2NdRuO6,20,4,259.4078504307519,5.395812819055382,5.5564,5.8296,8.0085,90.0,90.07,90.0,mp-1227481,-2.829084382249999,0.0,,,
1001475,data/raw/cif/1/00/14/1001475.cif,Ca2NdRuO6,20,4,258.2645766204732,5.419698756344635,5.5439,5.8282,7.9931,90.0,90.06000000000002,90.0,mp-1227481,-2.829084382249999,0.0,,,
1001476,data/raw/cif/1/00/14/1001476.cif,Ca2HoRuO6,20,4,251.9822684732084,5.827488342238724,5.4991,5.7725,7.9381,90.0,90.18000000000002,90.0,,,,,,
1001477,data/raw/cif/1/00/14/1001477.cif,K3V(PO4)2,112,4,1639.7584061928148,2.9017466320760112,9.577999999999998,11.097,18.127,90.0,121.67,90.0,mp-557046,-2.530673475431122,0.10179463467262401,,,
1001478,data/raw/cif/1/00/14/1001478.cif,K2Na1.73Nb8P5O34,51,5,718.931248896,3.6033410020185,10.612,10.612,6.384,90.0,90.0,90.0,,,,,,
1001561,data/raw/cif/1/00/15/1001561.cif,Ca24Ga16.0008Si7.9992Sn16O96,160,5,1946.102184125,4.8955682196580215,12.485,12.485,12.485,90.0,90.0,90.0,,,,,,
1001500,data/raw/cif/1/00/15/1001500.cif,NaNb4(PO4)6,108,4,1460.2609112468556,3.290157330553529,8.7362,8.7362,22.093,90.0,90.0,120.0,mp-1221022,-2.812892898549613,0.014760339227864001,,,
1001562,data/raw/cif/1/00/15/1001562.cif,Ca24Ga16.0008Si7.6008Sn16.3984O96,160,5,1950.313849784,4.915736735487564,12.494,12.494,12.494,90.0,90.0,90.0,,,,,,
1001501,data/raw/cif/1/00/15/1001501.cif,BaY2NiO5,18,4,245.66079568,6.135296835433594,3.76,5.762,11.339,90.0,90.0,90.0,mp-19325,-3.095363232777777,0.009873316666663001,,,
1001563,data/raw/cif/1/00/15/1001563.cif,Ca24Ga16.0008Si0.3984Sn23.6008O96,160,5,2038.2385228390003,5.235445335433288,12.679,12.679,12.679,90.0,90.0,90.0,,,,,,
1001502,data/raw/cif/1/00/15/1001502.cif,Li2ZrTeO6,30,4,320.7770996347667,5.104695857677223,5.172,5.172,13.847,90.0,90.0,120.0,mp-6782,-2.496664910333334,0.012301818249996,,,
1001564,data/raw/cif/1/00/15/1001564.cif,KV4P7O24,72,4,874.8603254836073,3.2026615035061448,10.0846,10.2309,10.8283,112.757,109.226,104.675,mp-557659,-2.696043997493055,0.0,,,
1001503,data/raw/cif/1/00/15/1001503.cif,Li2ZrTeO6,30,4,321.0140403527264,5.10092807761329,5.1732,5.1732,13.8508,90.0,90.0,120.0,mp-6782,-2.496664910333334,0.012301818249996,,,
1001566,data/raw/cif/1/00/15/1001566.cif,V2Ag(PO5)2,60,5,723.5846601600304,3.962729855616116,5.256,8.117,16.966,90.0,91.46,90.0,mp-1201392,-2.337035380396824,0.0034976932500270005,,,
1001504,data/raw/cif/1/00/15/1001504.cif,Li5.25Zr2.25Nb0.75Te3O18,30,5,318.95488614904923,5.113326349897075,5.167,5.167,13.795,90.0,90.0,120.0,,,,,,
1001565,data/raw/cif/1/00/15/1001565.cif,K2Mo2P2O11,70,4,979.544366061702,3.444797297705516,9.867,10.122,9.903,90.0,97.95,90.0,mp-1224145,-2.438645181252102,0.0,,,
1001505,data/raw/cif/1/00/15/1001505.cif,Li5.25Nb5.25Te0.75O18,30,4,315.8790462364905,4.772660361096895,5.148,5.148,13.763,90.0,90.0,120.0,,,,,,
1001567,data/raw/cif/1/00/15/1001567.cif,La5(MoO4)4,58,4,655.4977909743249,6.760115329671509,7.9638,7.9958,10.3345,90.0,95.067,90.0,mp-1223266,-2.943945275800001,0.05716137749999801,,,
1001506,data/raw/cif/1/00/15/1001506.cif,Sr6Pr3Cu6O17,66,4,871.7746002411182,6.101806489132371,3.7626,11.5157,20.1199,90.0,90.0,90.0,mp-1218599,-2.4413290265625,0.013445482460935002,,,
1001568,data/raw/cif/1/00/15/1001568.cif,V3Cd5P6O25,156,5,1868.9696987137447,4.622600166847008,16.861,4.71,24.16,90.0,103.07,90.0,mp-558711,-2.432544761739925,0.002204415181594,,,
1001507,data/raw/cif/1/00/15/1001507.cif,K10Nb14.4Al1.6P10O68,112,5,1495.529578862049,3.5194317367920527,13.747,6.446,20.588,90.0,124.94,90.0,,,,,,
1001579,data/raw/cif/1/00/15/1001579.cif,Sr4Tl0.5Cu2Pb0.5C1O10,33,6,241.56360000575992,5.8799113916946455,3.8244,3.8244,16.516,90.0,90.0,90.0,,,,,,
1001508,data/raw/cif/1/00/15/1001508.cif,Ba2NaNb5O15,432,4,4952.313720369289,5.376515307789589,35.1869,17.6202,7.9876,90.0,90.0,90.0,mp-1199624,-3.122631501636057,0.012755246032607002,,,
1001580,data/raw/cif/1/00/15/1001580.cif,Sr4Gd4TlCu4PbO18,38,6,435.85625407837495,7.36530612483744,3.8385,3.8385,29.5815,90.0,90.0,90.0,,,,,,
1001509,data/raw/cif/1/00/15/1001509.cif,K9U6BiO24,40,4,642.959103591,6.128693578118616,8.631,8.631,8.631,90.0,90.0,90.0,mp-558206,-3.083181360881249,0.0,,,
1001581,data/raw/cif/1/00/15/1001581.cif,Sr4Ce0.8Gd3.2Tl1Cu4Pb1O18,38,7,435.7942437469361,7.314124595086667,3.8429,3.8429,29.5096,90.0,90.0,90.0,,,,,,
1001510,data/raw/cif/1/00/15/1001510.cif,BaV2(P2O7)2,84,4,1051.259414764,3.7094437682817984,10.6213,10.4685,9.7063,90.0,103.074,90.0,mp-557348,-2.853949163503401,0.0,,,
1001582,data/raw/cif/1/00/15/1001582.cif,Sr8Y4Cu11CO28,110,5,1319.053689231,5.578336439423585,15.311,3.851,22.371,90.0,90.0,90.0,mp-1173193,-2.285250132788461,0.028132517043268003,,,
1001511,data/raw/cif/1/00/15/1001511.cif,BaNiP2O7,32,4,279.8577321071379,4.390368014201932,5.317,7.58,7.116,101.26,84.47999999999999,89.49,mp-1214404,-2.740188257662336,0.0,,,
1001583,data/raw/cif/1/00/15/1001583.cif,Sr4Cu2Bi2CO11,92,5,1178.85222,6.105109103722815,5.466,5.46,39.5,90.0,90.0,90.0,,,,,,
1001512,data/raw/cif/1/00/15/1001512.cif,Na3.5Ti2.1Fe4.7Sb1.2O16,28,5,318.5201481,4.408146292651615,9.35,11.382,2.993,90.0,90.0,90.0,,,,,,
1001584,data/raw/cif/1/00/15/1001584.cif,Sr4Tl0.5Cu2Bi0.5C1O10,33,6,242.41477867158,5.865363420346956,3.8309,3.8309,16.518,90.0,90.0,90.0,,,,,,
1001513,data/raw/cif/1/00/15/1001513.cif,Sr2La2Ni2O6.86,14,4,182.26416354024,6.196983900419425,3.8666,3.7281,12.644,90.0,90.0,90.0,,,,,,
1001514,data/raw/cif/1/00/15/1001514.cif,Sr2La2Ni2O6.18,14,4,176.817460462,6.28570332708306,3.853,3.566,12.869,90.0,90.0,90.0,,,,,,
1001586,data/raw/cif/1/00/15/1001586.cif,Ba2Ca0.14Y0.86Co0.12Cu2.88O6.96,16,6,174.35371961484,6.268334475705413,3.8618,3.8618,11.691,90.0,90.0,90.0,,,,,,
1001515,data/raw/cif/1/00/15/1001515.cif,BaSrCa2Tl(CuO3)3,20,6,228.917432962656,6.123135289973467,3.8316,3.8316,15.5926,90.0,90.0,90.0,mp-1227794,-2.046405688725491,0.023453583039215003,,,
1001587,data/raw/cif/1/00/15/1001587.cif,Ba2Ca0.18Y0.82Co0.24Cu2.76O7,16,6,174.847357012653,6.232909459695471,3.8649,3.8649,11.7053,90.0,90.0,90.0,,,,,,
1001516,data/raw/cif/1/00/15/1001516.cif,BaMo2(P2O7)2,84,4,1098.2160742705676,4.095152064017457,10.8135,10.6407,9.821,90.0,103.629,90.0,mp-16802,-2.693897771360543,0.0,,,
1001588,data/raw/cif/1/00/15/1001588.cif,Ba2Ca0.27Y0.73Co0.3Cu2.7O7,16,6,175.12489089421197,6.178738531654482,3.8646,3.8646,11.7257,90.0,90.0,90.0,,,,,,
1001517,data/raw/cif/1/00/15/1001517.cif,KMo(PO4)2,48,4,684.5971371521993,3.153058391418045,5.0862,11.72,11.486,90.0,90.91,90.0,mp-541350,-2.520604322419642,0.0,,,
1001589,data/raw/cif/1/00/15/1001589.cif,Ba2Ca0.15Y0.85Co0.36Cu2.64O7.05,16,6,175.11223921020002,6.2397087680502255,3.869,3.869,11.6982,90.0,90.0,90.0,,,,,,
1001518,data/raw/cif/1/00/15/1001518.cif,Sr2.09Y0.91Cd0.33Cu2.11Pb0.56O7,20,6,173.20623932528,6.358481382691925,3.8108,3.8108,11.927,90.0,90.0,90.0,,,,,,
1001590,data/raw/cif/1/00/15/1001590.cif,Ba2Ca0.15Y0.85Co0.12Cu2.88O7.01,16,6,174.20761533624,6.27656262576091,3.8424,3.881,11.6821,90.0,90.0,90.0,,,,,,
1001519,data/raw/cif/1/00/15/1001519.cif,V2Cd(PO5)2,60,4,708.7254629793704,4.08838778168112,5.186999999999999,7.959,17.187,90.0,92.74,90.0,mp-19510,-2.48092574045238,0.00961393400001,,,
1001591,data/raw/cif/1/00/15/1001591.cif,Ba2Ca0.27Y0.73Co0.36Cu2.64O7.05,16,6,174.512321733656,6.205405425391121,3.8666,3.8666,11.6726,90.0,90.0,90.0,,,,,,
1001520,data/raw/cif/1/00/15/1001520.cif,V2Cd(PO5)2,120,4,1311.58951224,4.418370986304361,11.571,15.88,7.138,90.0,90.0,90.0,mp-19510,-2.48092574045238,0.00961393400001,,,
1001592,data/raw/cif/1/00/15/1001592.cif,Tl2Mo2P2O11,70,4,998.4455444347226,5.578701228415082,9.945,10.156,9.974,90.0,97.64,90.0,mp-1217035,-2.195239186232494,0.0,,,
1001521,data/raw/cif/1/00/15/1001521.cif,BaSrTl2CuO6,46,5,327.738305295696,8.03831934425092,3.7988,3.7988,22.7109,90.0,90.0,90.0,,,,,,
1001593,data/raw/cif/1/00/15/1001593.cif,KV3P4O17,100,5,1281.1495723034402,3.047505414247731,7.8654,10.0104,16.2715,90.0,90.0,90.0,mp-14929,-2.600049427532857,0.007231323300001,,,
